model,dataset,method,node_sample_ratio,readout,val_f1_macro,summary.best_val/f1_macro_std,summary.best_val/f1_weighted,summary.best_val/f1_weighted_std,summary.best_val/accuracy,summary.best_val/accuracy_std,summary.best_val/auroc,summary.best_val/auroc_std,summary.best_test/f1_macro,summary.best_test/f1_macro_std,summary.best_test/f1_weighted,summary.best_test/f1_weighted_std,summary.best_test/accuracy,summary.best_test/accuracy_std,summary.best_test/auroc,summary.best_test/auroc_std
GATv4,addneuromed,correlation,0.3,NoReadOut,0.4789129892985026,0.0497785774521511,0.4871211449305216,0.0478617576896086,0.4835680623849233,0.040658449546742,0.6491726636886597,0.0257904206227028,0.437004695336024,0.0918080448649525,0.4384471178054809,0.0904261307684307,0.4444444378217061,0.0867360912647406,0.6439643502235413,0.0629510722237081
GATv4,addneuromed,correlation,0.3,OmicsReadOut,0.5105954309304556,0.0151432274341157,0.5172217488288879,0.0140018237494699,0.5187793374061584,0.0107572412833601,0.6591963768005371,0.0234607072068811,0.5278774897257487,0.0257065782027479,0.5354732473691305,0.0263623199740525,0.5324074228604635,0.021215638333788,0.6880886952082316,0.0169262287901275
GATv4,addneuromed,correlation,0.5,NoReadOut,0.4444905718167622,0.0283258106245721,0.453208327293396,0.0262636072722789,0.4530516465504964,0.0203292333765604,0.6340238451957703,0.0176152433845711,0.3775831957658132,0.0484150424461304,0.3770611087481181,0.0463368140844023,0.3888888855775197,0.0416666716337212,0.6307270328203837,0.032134430506581
GATv4,addneuromed,correlation,0.5,OmicsReadOut,0.5251965820789337,0.0346029591368065,0.535133977731069,0.0289036147792116,0.5422535141309103,0.0140844881534681,0.6952852209409078,0.0112919294390758,0.4745731651782989,0.052175964437939,0.4860333204269409,0.0487407626449206,0.4861111144224803,0.0500771083953796,0.6767261226971945,0.0450777466752684
GATv4,addneuromed,correlation,0.8,NoReadOut,0.4491125245889028,0.0340090034710668,0.4634066720803578,0.02986740638582,0.4671361446380615,0.0177226139881347,0.6253091096878052,0.0320610150681865,0.4604067901770274,0.0313296504634518,0.4646257162094116,0.0304550568502574,0.467592587073644,0.0320750130431593,0.645496129989624,0.0518125503544882
GATv4,addneuromed,correlation,0.8,OmicsReadOut,0.4948938190937042,0.029834397479954,0.5104249715805054,0.0263739518113219,0.5211267669995626,0.0121975331433847,0.6842171748479208,0.0132032204266257,0.5172141095002493,0.0202870542534856,0.5268108050028483,0.0233658384019435,0.5277777910232544,0.0240562726871536,0.7151920199394226,0.0170951790877507
GATv4,addneuromed,correlation,1.0,NoReadOut,0.4582610925038655,0.0387535675143235,0.4648736516634623,0.0359695839256121,0.4671361446380615,0.0293192454447498,0.6285770336786906,0.0157802582026759,0.4119940598805745,0.0374703783875584,0.41238467892011,0.0405532266597791,0.4166666666666667,0.0367465466127982,0.6339734594027201,0.023925393509097
GATv4,addneuromed,correlation,1.0,OmicsReadOut,0.5043787757555643,0.0230991460273297,0.515272855758667,0.0257010193763267,0.5164319177468618,0.0247315696271698,0.6654834747314453,0.0191722019403707,0.4924862086772918,0.0596077501279093,0.4939266542593638,0.0540941037634156,0.5000000099341074,0.0500771125282194,0.6971878806749979,0.0444991820334907
GATv4,addneuromed,distance_correlation,0.3,NoReadOut,0.491513729095459,0.0201769591420857,0.5006554623444875,0.0210230077657965,0.5023474295934042,0.0247315865994349,0.6724438269933065,0.0028599358397748,0.4748481611410777,0.0371884642177652,0.48252734541893,0.032294857505884,0.4768518507480621,0.0349529400512391,0.6735253930091858,0.018084486922356
GATv4,addneuromed,distance_correlation,0.3,OmicsReadOut,0.5385453303654989,0.0230857373067226,0.5512631138165792,0.0158852213053618,0.5610328515370687,0.0162634004663514,0.6980663736661276,0.0169732839099893,0.5051108797391256,0.0468122601661628,0.5158740878105164,0.0374191855742526,0.5277777910232544,0.0277777910232543,0.7123456796010336,0.048625879851431
GATv4,addneuromed,distance_correlation,0.5,NoReadOut,0.4845261871814728,0.0215432699120393,0.4967929820219676,0.0258280630810289,0.4999999900658925,0.037264086790342,0.6642823219299316,0.0106561467262836,0.4550114174683888,0.0426630472065009,0.4642281432946523,0.0313475497495832,0.4629629651705424,0.0320750130431593,0.6549153725306193,0.0303736577374627
GATv4,addneuromed,distance_correlation,0.5,OmicsReadOut,0.5369698603947958,0.0417420348757939,0.549967885017395,0.0428695981140806,0.5516431927680969,0.0494631703701568,0.7040126919746399,0.0337141505585437,0.5586016575495402,0.0200510697042919,0.566246747970581,0.0134007858173178,0.5694444378217062,0.0138888657093154,0.7674211064974467,0.0113910776594433
GATv4,addneuromed,distance_correlation,0.8,NoReadOut,0.4972750047842662,0.0085448121341622,0.5075504382451376,0.0096486019406106,0.5117370883623759,0.0146596358459089,0.674042264620463,0.0085886876549754,0.4487827519575755,0.0527706579772139,0.4571852385997772,0.046213688229392,0.4537037114302317,0.04877616833855,0.6609739065170288,0.0185498809736954
GATv4,addneuromed,distance_correlation,0.8,OmicsReadOut,0.5351431369781494,0.0142929715175508,0.5496527552604675,0.0139908365625823,0.565727690855662,0.0107572087663782,0.700917104880015,0.006940969398502,0.5602860450744629,0.0378936882922674,0.5636982520421346,0.0332810317803765,0.5601851940155029,0.0349529222878772,0.734407881895701,0.0405634229944295
GATv4,addneuromed,distance_correlation,1.0,NoReadOut,0.4998607635498047,0.0263388281421481,0.5047229727109274,0.0225917607752968,0.5046948393185934,0.0247315837707338,0.6683052182197571,0.0008273254874982,0.5055485367774963,0.0077809903969268,0.5018416047096252,0.0080391552178417,0.5046296318372091,0.0080187575623845,0.6695701479911804,0.0107961633286315
GATv4,addneuromed,distance_correlation,1.0,OmicsReadOut,0.5204794605573019,0.0122901160437641,0.5355479915936788,0.008706761277517,0.5446009437243143,0.0177226179355685,0.6797194282213846,0.0219611793745024,0.5547433296839396,0.0504469925097401,0.5598851839701334,0.053149164923525,0.5694444378217062,0.0416666567325627,0.7321673234303793,0.019882288924777
GATv4,addneuromed,random,0.3,NoReadOut,0.4676768779754638,0.0437091116611823,0.4783071378866831,0.0413542656575058,0.4812206427256266,0.033280389143566,0.629507303237915,0.0367912045436291,0.404218037923177,0.0997791909293821,0.416510005791982,0.0919204852138061,0.4166666666666667,0.0844828091101092,0.6289894580841064,0.0830248073402554
GATv4,addneuromed,random,0.3,OmicsReadOut,0.5388661623001099,0.0356229332150366,0.5581285754839579,0.0311318141984656,0.5845070282618204,0.0186320546593943,0.7011262973149618,0.0134824039876665,0.473168671131134,0.0209962012573286,0.4799417555332184,0.0304941435076447,0.4861111144224803,0.0367465466127983,0.6777778069178263,0.0303042993494733
GATv4,addneuromed,random,0.5,NoReadOut,0.4514518578847249,0.0095396875489248,0.4640658001104991,0.0090003077633672,0.4647887349128723,0.0070422589778899,0.6367365519205729,0.0179018203108339,0.3892932335535685,0.0067680996365261,0.3979314466317494,0.0090900825881874,0.3935185273488362,0.0080187575623845,0.6216278076171875,0.0101560512318427
GATv4,addneuromed,random,0.5,OmicsReadOut,0.5382030208905538,0.0145227871706592,0.5500898361206055,0.0143724139353779,0.5539906223615011,0.0162634004663514,0.6958653728167216,0.0128555945243942,0.4945587813854217,0.0538201325589967,0.4917336304982503,0.0491379408196611,0.4953703780968984,0.0487761824821068,0.6805898547172546,0.0509643859005077
GATv4,addneuromed,random,0.8,NoReadOut,0.4611937900384267,0.0253261489901004,0.4717654883861542,0.0220326042283145,0.4741784036159515,0.0177226139881347,0.6340232491493225,0.0282038869570113,0.4410988887151082,0.0644716485818268,0.4455948968728383,0.0562917619923479,0.4444444477558136,0.0605402646240931,0.6301554838816324,0.0385740605928451
GATv4,addneuromed,random,0.8,OmicsReadOut,0.5404464999834696,0.0369069336240639,0.5507434606552124,0.0360690105792589,0.5539906024932861,0.0317552891340088,0.6897633274396261,0.037225185329819,0.5058100620905558,0.041413728102727,0.5154218673706055,0.0421243988917977,0.5185185273488363,0.042431276667576,0.7024577260017395,0.0263504675976087
GATv4,addneuromed,random,1.0,NoReadOut,0.4410428504149119,0.030603242990148,0.4525748789310455,0.0284394121791122,0.4530516465504963,0.022637684567501,0.6137755513191223,0.0339500473240416,0.3852450251579284,0.0144994711567458,0.3889837066332499,0.0115425879414768,0.3888888955116272,0.0138888955116271,0.5979652404785156,0.0431875519242884
GATv4,addneuromed,random,1.0,OmicsReadOut,0.5268539786338806,0.0298801463609856,0.5366794665654501,0.030968254386517,0.5352112650871277,0.0306964678703802,0.6670351028442383,0.036712043326751,0.506797214349111,0.0151825137380505,0.5032364428043365,0.0158406446246132,0.5092592636744181,0.0160375151247691,0.694010059038798,0.0176209221704978
GATv4,addneuromed,variance,0.3,NoReadOut,0.4862623612085978,0.0164540693253215,0.4909207026163737,0.0184300761028692,0.4882629116376241,0.0162633660535937,0.6709200143814087,0.0110695485159008,0.4969968597094218,0.0266167886148814,0.4980749388535817,0.0251346530613814,0.5,0.0277777910232543,0.7035664916038513,0.0222853608474987
GATv4,addneuromed,variance,0.3,OmicsReadOut,0.5426157315572103,0.008591911786479,0.559100866317749,0.0030658516803661,0.5704225301742554,0.01408451795578,0.7231355905532837,0.0169898987896195,0.5344983140627543,0.0236794249817828,0.543816864490509,0.0210815053631667,0.5462962985038757,0.0212156058167914,0.7488111853599548,0.0255697831923077
GATv4,addneuromed,variance,0.5,NoReadOut,0.5037292043368021,0.0035237176195041,0.5061384439468384,0.0058237650258139,0.5046948194503784,0.004065832910209,0.6772974332173666,0.0019421175508953,0.464797963698705,0.0431183131078483,0.4723900159200032,0.0351728970368063,0.4722222288449605,0.0367465466127983,0.6838591694831848,0.0309771109918307
GATv4,addneuromed,variance,0.5,OmicsReadOut,0.5845860242843628,0.0085736988866857,0.5964736938476562,0.0132026286065665,0.6009389559427897,0.0226376675705368,0.7369336287180582,0.0136729389824705,0.4849046170711517,0.0230709578080039,0.4966961145401001,0.0257368494424246,0.4953703681627909,0.0289120415566921,0.6982853412628174,0.0302338647507858
GATv4,addneuromed,variance,0.8,NoReadOut,0.5051660140355428,0.023877676036309,0.5088348090648651,0.0279465415512396,0.5070422689119974,0.0253912093085254,0.6650668581326803,0.0057431402532089,0.487205574909846,0.017947273945864,0.4895835816860199,0.0185395369281729,0.4907407363255818,0.0160375151247691,0.6729766527811686,0.0062579383169973
GATv4,addneuromed,variance,0.8,OmicsReadOut,0.5375044345855713,0.0123662247870028,0.5475035707155863,0.0069546236358671,0.5492957631746928,0.007042258977911,0.7178623477617899,0.0081772813369463,0.5320304036140442,0.036256310117143,0.541979044675827,0.0411596507727968,0.5370370348294576,0.0349529262352945,0.7304298679033915,0.0260504921260495
GATv4,addneuromed,variance,1.0,NoReadOut,0.4907609124978383,0.0243006421092577,0.4964532454808553,0.0292398885445103,0.49295774102211,0.0281690061092376,0.6719528635342916,0.0244399036782688,0.4254869818687439,0.0282968192670871,0.4260852833588918,0.0303505689769167,0.4259259303410848,0.0289120296262176,0.6197530825932821,0.0600788570516216
GATv4,addneuromed,variance,1.0,OmicsReadOut,0.5634345412254333,0.0231721929545874,0.5767096678415934,0.0226561258420207,0.5845070481300354,0.0306964678703802,0.7230583628018697,0.0083638363049011,0.4654608269532521,0.0345343061644374,0.4819294412930806,0.027524587916611,0.4861111144224803,0.0277777761220945,0.6952675183614095,0.0128718695870789
chebnet,addneuromed,correlation,0.3,NoReadOut,0.4671136438846588,0.026092310857944,0.4710110227266947,0.0293925209121544,0.4741784036159515,0.0284609372968193,0.5995436708132426,0.0284446664533277,0.4179453452428182,0.0368215389672195,0.4200359880924225,0.0327097150183926,0.4259259303410848,0.0289120296262176,0.5947873989741007,0.0285307224663383
chebnet,addneuromed,correlation,0.3,OmicsReadOut,0.5515529115994772,0.0510750845918454,0.5656476418177286,0.0538873914924636,0.5821596384048462,0.0586384908894995,0.710846483707428,0.0354780561657937,0.5494407912095388,0.0966838968628398,0.548356294631958,0.0873834695764974,0.5509259204069773,0.0813814501255578,0.7174325784047445,0.0766884848784178
chebnet,addneuromed,correlation,0.5,NoReadOut,0.4471458196640014,0.0241491724454287,0.4534895320733388,0.0222475967935079,0.4577464759349823,0.0186320659236088,0.5930089155832926,0.0190002451640638,0.3481828868389129,0.0464984182167363,0.351382424434026,0.0446627081351624,0.3611111144224803,0.0367465466127982,0.5672153433163961,0.0287744203006199
chebnet,addneuromed,correlation,0.5,OmicsReadOut,0.5434544483820597,0.020532426604885,0.5552418430646261,0.0243529387248564,0.565727710723877,0.0387856930400235,0.6983369191487631,0.0247852079675478,0.512483278910319,0.0400444854174259,0.5184240241845449,0.0367804039510671,0.5231481591860453,0.0349529538671867,0.68038409948349,0.0233111359852035
chebnet,addneuromed,correlation,0.8,NoReadOut,0.4823105136553446,0.0230555839595341,0.4905885457992553,0.0228534663775279,0.4906103312969208,0.0247315851850784,0.6374805768330892,0.0316694177378442,0.4174574911594391,0.0417644026110622,0.4207460482915242,0.0316361673664746,0.4305555522441864,0.0367465353485803,0.6174439787864685,0.0202646641735922
chebnet,addneuromed,correlation,0.8,OmicsReadOut,0.5762818853060404,0.0216003054629755,0.5887575745582581,0.0203859621665699,0.6009389758110046,0.0107572412833601,0.7233068545659384,0.0139174028150007,0.5263699889183044,0.0442281085472166,0.5315809647242228,0.0453843150156179,0.5324074029922485,0.0446465185960931,0.6787151296933492,0.0531442358284112
chebnet,addneuromed,correlation,1.0,NoReadOut,0.4727762738863627,0.0066020759808002,0.477083017428716,0.0142736941442794,0.481220652659734,0.0146596143710413,0.6183561086654663,0.0137315056291583,0.4501084784666697,0.0486262134393981,0.4595237572987874,0.0477524382247896,0.4583333333333333,0.0500770918640262,0.6239826083183289,0.0253935630941736
chebnet,addneuromed,correlation,1.0,OmicsReadOut,0.547244648138682,0.005274657653273,0.5590248902638754,0.0029233350109638,0.5751173694928488,0.0107572087663782,0.7190033992131551,0.0081045789112577,0.4943404694398244,0.0260450525833728,0.5013050039609274,0.0197804375518361,0.5046296318372091,0.0160375151247691,0.6574302514394125,0.0061919710813098
chebnet,addneuromed,distance_correlation,0.3,NoReadOut,0.5120424826939901,0.0233235362381794,0.5181780457496643,0.0257020953765335,0.5164319078127543,0.0284609213194658,0.6628830432891846,0.0251669334274812,0.4989346861839294,0.0308314511184655,0.5054148733615875,0.031736898187246,0.5046296318372091,0.0349529538671867,0.6919752955436707,0.015029185619918
chebnet,addneuromed,distance_correlation,0.3,OmicsReadOut,0.5559707681337992,0.0163693408302785,0.5697220961252848,0.0164952863172838,0.5821596185366312,0.0107572152697605,0.7424578070640564,0.0023377751299179,0.5741371313730875,0.0547754282663495,0.5825923085212708,0.0500395552983975,0.5787037014961243,0.0561312685239341,0.7347508470217387,0.011038186241501
chebnet,addneuromed,distance_correlation,0.5,NoReadOut,0.5465399225552877,0.0174939150614957,0.5546830296516418,0.0166959098961898,0.5563380122184753,0.01408451795578,0.705588698387146,0.0085518728948049,0.4864142139752705,0.0188509791471332,0.4925591250260671,0.0173190119345511,0.5092592636744181,0.021215638333788,0.6654778321584066,0.0238284938809028
chebnet,addneuromed,distance_correlation,0.5,OmicsReadOut,0.5667445659637451,0.0260072110160747,0.576181173324585,0.02566493950708,0.5845070481300354,0.0306964678703802,0.7473166187604269,0.0066960075200507,0.5651934146881104,0.038758972830708,0.5707764029502869,0.0343124131264598,0.5648148059844971,0.0446465185960931,0.7425697445869446,0.0064107696667841
chebnet,addneuromed,distance_correlation,0.8,NoReadOut,0.5664299130439758,0.027807047765204,0.5724358757336935,0.0251052904125206,0.5774647990862528,0.0253912093085254,0.7372269630432129,0.0105903226857114,0.4744425415992737,0.1372251930024528,0.4824658234914143,0.1392196578445948,0.4953703681627909,0.1197455275613945,0.6815958221753439,0.0148652419346855
chebnet,addneuromed,distance_correlation,0.8,OmicsReadOut,0.5567297538121542,0.0140081168957711,0.5688501199086508,0.0164253225278057,0.5845070481300354,0.0322716653194714,0.7455950975418091,0.0088860008333743,0.4594908754030863,0.0242218661627379,0.4727021753787994,0.0370170546177327,0.4814814825852712,0.0561312894173951,0.7078417936960856,0.0501451002542279
chebnet,addneuromed,distance_correlation,1.0,NoReadOut,0.5315579374631246,0.0253380851723411,0.5438697536786398,0.0257430546422843,0.5469483534495035,0.021514430539521,0.699018398920695,0.0113910557882851,0.5246481696764628,0.0230659102210366,0.5291842023531595,0.0246976141051271,0.5277777910232544,0.0240562726871536,0.6997027595837911,0.0079470218538067
chebnet,addneuromed,distance_correlation,1.0,OmicsReadOut,0.5487685600916544,0.0081178119985796,0.5592737793922424,0.0122673442548176,0.565727690855662,0.0146596024405659,0.7163675427436829,0.0056014673174841,0.5356245636940002,0.0641728972631504,0.5370369454224905,0.0687922155703399,0.5370370348294576,0.062628470013127,0.6999199986457825,0.0179025366601876
chebnet,addneuromed,random,0.3,NoReadOut,0.4151796301205953,0.0356187878511418,0.4227658708890279,0.0375923450083123,0.4436619778474172,0.0186320490272805,0.566943883895874,0.0090982015908075,0.3207611143589019,0.0405940070621283,0.3373840153217315,0.0280481051590986,0.3518518507480621,0.0212156253269911,0.5112254321575165,0.0291491259125187
chebnet,addneuromed,random,0.3,OmicsReadOut,0.5470973451932272,0.027094149168823,0.5539809664090475,0.0269558469024213,0.5586854418118795,0.0332804007050805,0.7109318574269613,0.0319669121669429,0.5340821146965027,0.0176911074521852,0.5355097850163778,0.0214775502985337,0.5370370546976725,0.021215638333788,0.7201074361801147,0.0120622288397028
chebnet,addneuromed,random,0.5,NoReadOut,0.4101759592692057,0.0145413643520386,0.4220383763313293,0.0099248441887923,0.4389671385288238,0.0177226139881347,0.5784938931465149,0.000738263467046,0.312211016813914,0.0376223398560238,0.3210441470146178,0.0362318551370977,0.3333333233992259,0.0367465466127982,0.5081389844417572,0.0552304797225225
chebnet,addneuromed,random,0.5,OmicsReadOut,0.5448552171389262,0.0226980431574229,0.5580681363741556,0.0218143617977844,0.5633802811304728,0.0253912093085254,0.7148236036300659,0.0231328814254531,0.538236161073049,0.0440584627127854,0.5466921528180441,0.0431979245946972,0.5462962786356608,0.040093753399165,0.6931413014729818,0.0432039619884092
chebnet,addneuromed,random,0.8,NoReadOut,0.4425823191801707,0.003826458211758,0.4563881854216258,0.0051690980100031,0.4577464759349823,0.00704225897789,0.5893292824427286,0.0043782055984616,0.4210739135742187,0.0190234613806404,0.4236439665158589,0.0202692388212756,0.4212962985038757,0.0160374979183902,0.6069730321566263,0.0080933942372322
chebnet,addneuromed,random,0.8,OmicsReadOut,0.5289925535519918,0.0134697979190319,0.5425317287445068,0.0124616943207559,0.5516431927680969,0.0107572412833601,0.688895066579183,0.0091273295245178,0.5624238650004069,0.0119510808683591,0.5688959360122681,0.0160781580075282,0.5694444378217062,0.0138888657093154,0.6975537141164144,0.0183854668576985
chebnet,addneuromed,random,1.0,NoReadOut,0.4407923420270284,0.0127411970993188,0.4525572260220845,0.0135922923706209,0.4507042268911997,0.0140845030546214,0.5855559706687927,0.0118818975901103,0.3405604958534241,0.0633495889031624,0.338032732407252,0.0661345824469037,0.3472222189108531,0.0500771083953796,0.5237996975580851,0.0283433631381453
chebnet,addneuromed,random,1.0,OmicsReadOut,0.5340297619501749,0.0148672766258612,0.5440571705500284,0.0115537371457406,0.5469483534495035,0.0146596358459089,0.6953023672103882,0.0130447954586776,0.5590170820554098,0.0213806885779369,0.5613594452540079,0.0211079962456866,0.5601851940155029,0.0212156058167914,0.7108367880185446,0.0219271528727204
chebnet,addneuromed,variance,0.3,NoReadOut,0.492048571507136,0.0120998365490915,0.5144530137379965,0.0110479826426568,0.5328638553619385,0.004065832910209,0.6482296784718832,0.0078310478821107,0.4080920318762461,0.0403862462034721,0.4310238162676493,0.0372776662883714,0.4444444477558136,0.0367465353485803,0.6230452458063761,0.0236141797585834
chebnet,addneuromed,variance,0.3,OmicsReadOut,0.5871625542640686,0.0228029112746588,0.6010167002677917,0.0233362071375467,0.6079812049865723,0.0325267665199451,0.737087627251943,0.0228735516527135,0.5640901525815328,0.0537495026395034,0.5769400397936503,0.052569506369485,0.5740740895271301,0.0446465185960931,0.774531344572703,0.0075748187545171
chebnet,addneuromed,variance,0.5,NoReadOut,0.5054837266604105,0.0096394029937898,0.5263940691947937,0.0087570418571046,0.5469483534495035,0.0107572152697605,0.6258328159650167,0.0046872793192147,0.4311187863349914,0.02503707396237,0.4571165442466736,0.022498667854246,0.4629629651705424,0.0212156220752889,0.6536579728126526,0.007560883595445
chebnet,addneuromed,variance,0.5,OmicsReadOut,0.5936314066251119,0.0059784440069655,0.6054459611574808,0.0042559930934829,0.6079812248547872,0.0107572152697605,0.7527754505475363,0.0034377054085695,0.5385769208272299,0.0139697321216762,0.5549352963765463,0.0096129016476137,0.5509259502092997,0.0080187575623845,0.7501829067866007,0.0417742280725013
chebnet,addneuromed,variance,0.8,NoReadOut,0.4972702860832214,0.0080116583640865,0.5138746698697408,0.0075418105224239,0.5211267669995626,0.007042258977911,0.609733502070109,0.0059746930804372,0.4155813654263814,0.0120809975858249,0.4409833153088887,0.0095233346354831,0.4490740795930226,0.0080187575623845,0.6374257206916809,0.00852286840654
chebnet,addneuromed,variance,0.8,OmicsReadOut,0.5862745046615601,0.0184444441315359,0.5987490812937418,0.0151764534704064,0.6079812248547872,0.0107572152697604,0.7559179266293844,0.009182042919354,0.5706513325373331,0.0281662489475106,0.5836278200149536,0.0281961067912993,0.5787037014961243,0.0289120176957484,0.7466621597607931,0.0262394246843077
chebnet,addneuromed,variance,1.0,NoReadOut,0.4637804329395294,0.0054964452249123,0.4803882539272308,0.0054463359496934,0.4835680723190307,0.004065832910209,0.6144456664721171,0.0016498428487109,0.3882095615069071,0.0218651922184188,0.4119143784046173,0.0221575903649337,0.4166666766007741,0.0240562554807747,0.597142239411672,0.0108537579248916
chebnet,addneuromed,variance,1.0,OmicsReadOut,0.5871805946032206,0.0259504968991306,0.5995863874753317,0.0269622611058379,0.605633815129598,0.0322716718228654,0.742150088151296,0.020311680027495,0.577750047047933,0.0438525004046802,0.5824399590492249,0.038357607575007,0.5833333333333334,0.0367465409806978,0.7499771515528361,0.0256718044828441
gatv2,addneuromed,correlation,0.3,NoReadOut,0.4345179398854573,0.0043658701462919,0.4393607974052429,0.0125636354931488,0.4507042268911997,0.0186320490272805,0.5817501743634542,0.0142480324630835,0.3353413740793863,0.0228979792185018,0.3391180336475372,0.0193496510810619,0.3564814825852712,0.0289120296262176,0.5722679297129313,0.0234237169279114
gatv2,addneuromed,correlation,0.3,OmicsReadOut,0.5793876051902771,0.0172484519583566,0.5928260684013367,0.0151473018977944,0.6032864054044088,0.0081317002331757,0.752682109673818,0.0150104927213381,0.5526045362154642,0.1155895190899323,0.5644131799538931,0.1086427479341922,0.5601851940155029,0.1078813163165095,0.7134887973467509,0.0744760381077565
gatv2,addneuromed,correlation,0.5,NoReadOut,0.4411746064821879,0.044927938893333,0.444519172112147,0.0391749016489005,0.4553990562756856,0.0266615346370976,0.5886021653811137,0.0168122317610393,0.4457113146781921,0.0813788612697976,0.4457456469535827,0.0775833411716081,0.4537037114302317,0.0764940420928151,0.6076589226722717,0.0605656723905843
gatv2,addneuromed,correlation,0.5,OmicsReadOut,0.5561040639877319,0.0082043683644666,0.5686672131220499,0.0099474788926992,0.5821596185366312,0.0107572152697605,0.7316246032714844,0.0020235434799294,0.5169969697793325,0.0756216433063824,0.5263840754826864,0.0625106692632795,0.5324074029922485,0.0525824887650401,0.7117055455843607,0.0194818839704971
gatv2,addneuromed,correlation,0.8,NoReadOut,0.4445909361044566,0.0198442378932037,0.4473251303037007,0.0263524741355676,0.4507042368253071,0.0243950834931482,0.5937872529029846,0.009787568558429,0.4709897538026174,0.0140452412417078,0.4712739686171213,0.0152462648334279,0.4814814825852712,0.0212156220752889,0.6257658998171488,0.0281750380818654
gatv2,addneuromed,correlation,0.8,OmicsReadOut,0.5520456035931905,0.0158264058689122,0.5651902953783671,0.0187629703619106,0.5704225301742554,0.01408451795578,0.7295823295911154,0.0140357699445842,0.5364936192830404,0.0217901239481627,0.5423068404197693,0.0279058701515111,0.5416666666666666,0.0277777612209373,0.7102309465408325,0.0212790411989204
gatv2,addneuromed,correlation,1.0,NoReadOut,0.4637661079565684,0.0302727966406641,0.4678260485331217,0.0245542385321602,0.4718309839566548,0.0186320546593943,0.5926089882850647,0.0070763735481155,0.4307633340358734,0.0181920942550475,0.435993880033493,0.0246308927383554,0.4490740795930226,0.0160375151247691,0.6241426666577657,0.0170332113866992
gatv2,addneuromed,correlation,1.0,OmicsReadOut,0.5414466460545858,0.0231805439596008,0.5606382886568705,0.0235785568304016,0.5868544578552246,0.0226377015644656,0.7274740934371948,0.0080909638653271,0.5053967038790385,0.0192678740714172,0.5100548068682352,0.0162844691619108,0.5138888955116272,0.0138888955116271,0.6653978228569031,0.0283559815940964
gatv2,addneuromed,distance_correlation,0.3,NoReadOut,0.4481429159641266,0.0232746558323291,0.4573466380437215,0.0197314341212867,0.4624413152535756,0.0146596310737087,0.6025390028953552,0.0144857795693165,0.441215564807256,0.0212195433262229,0.4462172488371531,0.016742763021251,0.4861111044883728,0.0138888955116271,0.6567672292391459,0.057724776653234
gatv2,addneuromed,distance_correlation,0.3,OmicsReadOut,0.5640484889348348,0.0055311615193587,0.5787602464358012,0.0061446236199087,0.5962441364924113,0.0107572152697605,0.7384500503540039,0.0127399461596868,0.5553231438000997,0.057432884266371,0.5684105555216471,0.0516943763760007,0.5694444378217062,0.055555552244189,0.7221993406613668,0.0367873314077313
gatv2,addneuromed,distance_correlation,0.5,NoReadOut,0.4815573096275329,0.0195291230632071,0.4904736479123433,0.0188473611420959,0.49295774102211,0.0186320377630637,0.6436648766199747,0.0118412633077684,0.4402285615603129,0.0911688017629071,0.4537643591562907,0.087674030004957,0.4629629751046498,0.0848625240698526,0.6349794467290243,0.0558740182265336
gatv2,addneuromed,distance_correlation,0.5,OmicsReadOut,0.5608275532722473,0.0244908206952786,0.5702298084894816,0.029577101435258,0.5727699398994446,0.0412638549992189,0.7360519568125407,0.0217246151044588,0.4698947171370188,0.0364657001016887,0.4761708279450734,0.0365136224202283,0.4722222189108531,0.0416666716337212,0.7077274918556213,0.0403395291294015
gatv2,addneuromed,distance_correlation,0.8,NoReadOut,0.4780173202355702,0.0215902541484264,0.4885056813557942,0.0200557752099503,0.5023474196592966,0.0107572282765544,0.6614563862482706,0.0044914402220578,0.406256099541982,0.0133237938003939,0.41893270611763,0.0108682638902931,0.4398148159186045,0.0080187575623845,0.6300640106201172,0.0097310060030013
gatv2,addneuromed,distance_correlation,0.8,OmicsReadOut,0.5877845287322998,0.0174976291120731,0.5952533682187399,0.0135786451564963,0.6009389559427897,0.0081317002331757,0.7393151720364889,0.0231336151292302,0.4756717284520467,0.0211769715424978,0.488025705019633,0.0268854551817771,0.4861111144224803,0.0277777761220945,0.6662779847780863,0.0233432439533536
gatv2,addneuromed,distance_correlation,1.0,NoReadOut,0.4694133400917053,0.01253379025994,0.4808114171028137,0.0087042317167451,0.5070422490437826,0.007042258977911,0.6590673923492432,0.0056346188542676,0.4265516499678294,0.0156904940967282,0.4343609809875488,0.0185790544973817,0.4444444477558136,0.0240562726871536,0.6659807761510214,0.0317095028236155
gatv2,addneuromed,distance_correlation,1.0,OmicsReadOut,0.5544267296791077,0.0086404314520229,0.5666197141011556,0.0100876076346288,0.577464779218038,0.0186320546593943,0.7203120191891988,0.010866673903647,0.4738096594810486,0.0438503294494275,0.4856381316979726,0.0440783213710851,0.4861111144224803,0.0500771125282193,0.6774233976999918,0.0324905008993566
gatv2,addneuromed,random,0.3,NoReadOut,0.4069013992945353,0.0232892354828841,0.4240889648596446,0.0181278968716611,0.4507042268911997,0.0186320490272805,0.5410749117533366,0.0111316999327088,0.3406289517879486,0.0297860074764653,0.3559864064057668,0.0280193302635641,0.3796296219031016,0.0349529380775313,0.51204847296079,0.0366598264507338
gatv2,addneuromed,random,0.3,OmicsReadOut,0.5405259927113851,0.0210682762294478,0.5513524015744528,0.024834991697134,0.5516431927680969,0.0325267665199451,0.7013150850931803,0.0153173726515176,0.5298616488774618,0.0387537663281045,0.532801886399587,0.0423845537699183,0.5416666666666666,0.0367465297164701,0.7030978401501974,0.0170168819798648
gatv2,addneuromed,random,0.5,NoReadOut,0.3998847504456838,0.0165952819361248,0.4131149053573608,0.0176131088055791,0.4483567972977956,0.0081317002331757,0.5645531614621481,0.0090884019175391,0.3875673413276672,0.0241823746770471,0.3949598769346873,0.0189477021925492,0.3981481492519378,0.0160374979183902,0.5639460285504659,0.0380628612963689
gatv2,addneuromed,random,0.5,OmicsReadOut,0.5564564863840739,0.0099446732390774,0.567867636680603,0.011761485295771,0.5727699398994446,0.0215144240361122,0.7330452005068461,0.0152057143196577,0.5155132015546163,0.0187658683820484,0.5239614049593607,0.0172918419517756,0.5231481591860453,0.016037515124769,0.6964449286460876,0.0397381340204173
gatv2,addneuromed,random,0.8,NoReadOut,0.4074158370494842,0.0089081380892206,0.421914001305898,0.0122456236208223,0.4553990662097931,0.0177226139881347,0.5627299348513285,0.0103570451173839,0.3505194385846455,0.0508552269566772,0.3597169717152913,0.0426591904578839,0.3703703780968984,0.0320750130431593,0.5219021538893381,0.0425917345831293
gatv2,addneuromed,random,0.8,OmicsReadOut,0.5438059568405151,0.0206700427270395,0.5565723379453024,0.02026809332136,0.5610328515370687,0.0284608991969784,0.7054201165835062,0.0084575077572591,0.5477663278579712,0.0325839792119786,0.5593762000401815,0.018216559786391,0.564814825852712,0.0160374807120113,0.7181984782218933,0.0314641690771948
gatv2,addneuromed,random,1.0,NoReadOut,0.4060268998146057,0.0145729326455304,0.4230498274167378,0.0126477389751762,0.4577464858690898,0.0211267620325106,0.5577820539474487,0.0151739756306541,0.2988314231236775,0.0534682418449861,0.3136571546395619,0.0473949203756789,0.3518518507480621,0.0525824927009553,0.5085733830928802,0.0568893389342057
gatv2,addneuromed,random,1.0,OmicsReadOut,0.5350796083609263,0.040766675736353,0.5500283042589823,0.0428562016443284,0.565727690855662,0.0361380372698657,0.7082908948262533,0.0117577666456418,0.5221556623776754,0.0425252820929408,0.5312066674232483,0.0387900722344207,0.5324074228604635,0.0400937878119227,0.7068816224733988,0.0170980543902059
gatv2,addneuromed,variance,0.3,NoReadOut,0.4664483666419983,0.0134341708716723,0.4866071840127309,0.0155295384648693,0.4976525704065959,0.0162633660535937,0.614337166150411,0.0081613590593078,0.3592197100321452,0.0827489198169383,0.3774096469084422,0.0907234948030224,0.3935185174147288,0.0764940267612072,0.5979880889256796,0.047008213225429
gatv2,addneuromed,variance,0.3,OmicsReadOut,0.5801899631818136,0.0043416952420364,0.5934593677520752,0.0030651555115525,0.5962441364924113,0.0040658673229666,0.7399802207946777,0.002160432418732,0.4903821150461833,0.032648842916135,0.5013072490692139,0.0383332534908634,0.5,0.0240562726871536,0.7100365956624349,0.0078777668184477
gatv2,addneuromed,variance,0.5,NoReadOut,0.4875360131263732,0.0036006487386518,0.5057724714279175,0.0043052738133967,0.5164319276809692,0.004065832910209,0.6116449236869812,0.011377618886251,0.396545926729838,0.0124629143835975,0.4236660599708557,0.0107236120819323,0.4398148159186045,0.0080187575623845,0.6070187091827393,0.0040699814976021
gatv2,addneuromed,variance,0.5,OmicsReadOut,0.5995193123817444,0.0260754043876959,0.6090927124023438,0.0233644616645678,0.6103286345799764,0.0162634004663514,0.7538089354832967,0.0154755084710297,0.5373260577519735,0.0144339355766269,0.551034172375997,0.0240781606059691,0.5509259303410848,0.0289120081513572,0.7350708444913229,0.0165484319047088
gatv2,addneuromed,variance,0.8,NoReadOut,0.483187327782313,0.0145091199998549,0.4929217000802358,0.0179777508708469,0.4953051706155141,0.0177226159618434,0.6445061365763346,0.0143958054332358,0.4093207319577535,0.0287677559943059,0.4225454429785411,0.0239015113800476,0.4166666666666667,0.0277777761220945,0.6256744464238485,0.0109688801060286
gatv2,addneuromed,variance,0.8,OmicsReadOut,0.5886789759000143,0.0084398784231401,0.5976120630900065,0.008211721701794,0.6079812248547872,0.0162633660535937,0.7506274779637655,0.0104666494465769,0.5116439461708069,0.0191527582648212,0.5219165682792664,0.0206176268336978,0.5231481591860453,0.021215638333788,0.7335391044616699,0.0210011470343208
gatv2,addneuromed,variance,1.0,NoReadOut,0.4904313087463379,0.0158657152582281,0.5068290034929911,0.0166584120096628,0.5164319276809692,0.0146596263015272,0.6333506306012472,0.0115775552106627,0.3825853367646535,0.0190054152512928,0.4109242558479309,0.0142341218673014,0.4305555522441864,0.0138888955116271,0.5927526354789734,0.0040299095801039
gatv2,addneuromed,variance,1.0,OmicsReadOut,0.5891088843345642,0.0189606884705345,0.5984130104382833,0.0213576154922323,0.5985915462176005,0.0243950662867694,0.754093865553538,0.0073443521898132,0.520529051621755,0.0126166638910495,0.5280224084854126,0.0158803922093746,0.5231481591860453,0.0080187575623845,0.7385231057802836,0.0261751367879213
gcn,addneuromed,correlation,0.3,NoReadOut,0.4448203146457672,0.0368121731179145,0.4500444531440735,0.0299569799362299,0.4624413053194682,0.0203292333765604,0.5785350799560547,0.0135939598563795,0.3533384899298349,0.0225003766140497,0.3556861281394958,0.0259492902839426,0.379629631837209,0.016037515124769,0.5716049671173096,0.0077585215904425
gcn,addneuromed,correlation,0.3,OmicsReadOut,0.5592595736185709,0.0215171766034709,0.5780956546465555,0.0185074824348249,0.6009389758110046,0.004065832910209,0.7426964044570923,0.0164837422736123,0.52627032995224,0.0291385437401017,0.5286975900332133,0.0251168739762618,0.5277777910232544,0.0240562726871536,0.6930498480796814,0.0491753007032215
gcn,addneuromed,correlation,0.5,NoReadOut,0.4324823021888733,0.0018050458412361,0.4404761592547099,0.0033006155991734,0.4483567972977956,0.0040658501165878,0.5590746601422628,0.0035475544259318,0.3393777708212535,0.0200561860602677,0.3465854326883952,0.0179071358754599,0.3518518507480621,0.0212156253269911,0.5604480902353922,0.0041890529068295
gcn,addneuromed,correlation,0.5,OmicsReadOut,0.5389922459920248,0.0057885476079518,0.5517788330713908,0.0077800929672944,0.5610328515370687,0.0162634004663514,0.7047323981920878,0.0072278120216615,0.542681614557902,0.0386637131685374,0.5485815207163492,0.0326460820500029,0.5462962985038757,0.0349529222878772,0.690260648727417,0.0331697897826614
gcn,addneuromed,correlation,0.8,NoReadOut,0.4480123917261759,0.0132407119453035,0.4480395714441935,0.011537926241094,0.453051636616389,0.0081317002331757,0.590829610824585,0.0160453110543694,0.4460899432500203,0.0790907815855783,0.4442854225635528,0.0824487449038044,0.4537037114302317,0.0764940420928151,0.5995427370071411,0.0287641647265653
gcn,addneuromed,correlation,0.8,OmicsReadOut,0.5442426204681396,0.0580602562581997,0.5589298109213511,0.0552952097407712,0.5610328714052836,0.0533230902657759,0.705050547917684,0.0188302200421122,0.5273915926615397,0.0479099577446919,0.5351806084314982,0.0459816183916805,0.5324074029922485,0.0487761669241965,0.7015089392662048,0.0224755314211305
gcn,addneuromed,correlation,1.0,NoReadOut,0.4504775802294413,0.0432825219111568,0.4566997289657593,0.03874865881637,0.460093895594279,0.031755274814176,0.5822009444236755,0.0102249176147639,0.4267652829488118,0.0848361452443631,0.4314998090267181,0.0830106487918818,0.435185174147288,0.0764940375835186,0.6036351323127747,0.0418812726693764
gcn,addneuromed,correlation,1.0,OmicsReadOut,0.5448203881581625,0.0330795929266676,0.5562073191006979,0.0343341989843596,0.565727710723877,0.0354452279762694,0.6972707907358805,0.0249590769004248,0.5145667791366577,0.0613752871798498,0.5162047147750854,0.0637367991024809,0.5185185174147288,0.0561312599207466,0.6894261439641317,0.0259412724386173
gcn,addneuromed,distance_correlation,0.3,NoReadOut,0.4692229827245076,0.0167709303409893,0.4775372346242268,0.0154296520903653,0.481220652659734,0.0146596143710413,0.5938233733177185,0.0078023022117673,0.3972522417704264,0.0340378527087693,0.4030491213003794,0.0309818331507687,0.4259259303410848,0.0320750130431593,0.5981710155804952,0.0275430384208726
gcn,addneuromed,distance_correlation,0.3,OmicsReadOut,0.5515400171279907,0.0226171821720856,0.5628820459047953,0.0193912395535739,0.5633802811304728,0.0121975331433847,0.7129139304161072,0.0169201274477083,0.5375722845395406,0.0466285266921973,0.542731354633967,0.05068742946698,0.5416666666666666,0.0500771001297081,0.7272405028343201,0.0562479515478409
gcn,addneuromed,distance_correlation,0.5,NoReadOut,0.4780928293863932,0.022733706536203,0.4886402785778045,0.0257523470622799,0.4976525902748108,0.0266615516927618,0.619565745194753,0.0254337422017704,0.4217771093050639,0.0522158798738794,0.4178636968135834,0.0617811265615843,0.4398148159186045,0.0525824822051638,0.5930041273434957,0.0355998996523288
gcn,addneuromed,distance_correlation,0.5,OmicsReadOut,0.5742343266805013,0.0096209900125535,0.586013933022817,0.0080889474849161,0.591549297173818,0.0121975675561424,0.7270514965057373,0.0203001078257381,0.5153103470802307,0.0264727106194253,0.5188267131646475,0.0317176417215927,0.5231481591860453,0.0349529538671868,0.7298582394917806,0.0437070702360344
gcn,addneuromed,distance_correlation,0.8,NoReadOut,0.5226324995358785,0.0125871453215563,0.5306695103645325,0.0113013288777362,0.5352112849553426,0.0121975331433847,0.6823487679163615,0.0056516355258095,0.5086783965428671,0.0102549048664577,0.5081100662549337,0.0084175460918261,0.5092592636744181,0.0080187575623845,0.6374256809552511,0.0231740819304556
gcn,addneuromed,distance_correlation,0.8,OmicsReadOut,0.5748639702796936,0.0280443539002351,0.5821079015731812,0.0257619220772255,0.5868544777234396,0.0247315865994349,0.741773267587026,0.0139159434801616,0.5491447250048319,0.021767319557501,0.5552617708841959,0.0247585072538711,0.5555555621782938,0.0240562382743959,0.7160951097806295,0.0228865587851993
gcn,addneuromed,distance_correlation,1.0,NoReadOut,0.5217172900835673,0.0131701298423242,0.5286287864049276,0.0128485052176313,0.5328638354937235,0.0107572152697605,0.6943997740745544,0.0062556696996148,0.498668114344279,0.0059451296716114,0.5050805608431498,0.0087050834343473,0.5046296318372091,0.0080187575623845,0.6999771396319071,0.0135867142531811
gcn,addneuromed,distance_correlation,1.0,OmicsReadOut,0.559653639793396,0.014937194539229,0.5677276253700256,0.0207966798145081,0.577464779218038,0.0253912093085254,0.7305940588315328,0.0202883057492554,0.5239987472693125,0.047863042163566,0.5287386973698934,0.048854234078657,0.5324074029922485,0.0525824887650401,0.6946616371472677,0.0424584725957601
gcn,addneuromed,random,0.3,NoReadOut,0.3978707094987233,0.035167047444241,0.411428819100062,0.0314208063384429,0.4413145581881205,0.0081316830267968,0.5495680371920267,0.0088330823214054,0.3120027979214986,0.0299238299990289,0.3350498775641123,0.0334339359856129,0.3564814825852712,0.0446465355930557,0.5482853353023529,0.0531331790605828
gcn,addneuromed,random,0.3,OmicsReadOut,0.5357760190963745,0.0310880503352831,0.5511272152264913,0.027824146002612,0.5633802612622579,0.0186320546593943,0.729405403137207,0.0074316240665805,0.5599327683448792,0.0339821851544602,0.577573815981547,0.0253686558678314,0.5879629453023275,0.021215638333788,0.7582761843999227,0.0011319164607192
gcn,addneuromed,random,0.5,NoReadOut,0.385189692179362,0.0196297563778058,0.3992299040158589,0.020954679050071,0.453051636616389,0.0040658501165878,0.5367680788040161,0.0091425145669748,0.3677108685175578,0.0407087793785243,0.3721764683723449,0.0411445333229897,0.3796296219031016,0.0349529380775313,0.5742112199465433,0.0377542935664122
gcn,addneuromed,random,0.5,OmicsReadOut,0.545030434926351,0.0446318707240693,0.5559462110201517,0.0439885809508457,0.5610328714052836,0.0458197595265027,0.7011655569076538,0.0275189956675478,0.4891351759433746,0.061865483247877,0.4988978505134582,0.062588031763793,0.5000000099341074,0.0636468987428645,0.6631344159444174,0.0501151995410631
gcn,addneuromed,random,0.8,NoReadOut,0.4035334388415019,0.0324707747760669,0.416398952404658,0.0316016889117111,0.4342722992102305,0.0107572152697604,0.5561842123667399,0.0069372087058031,0.3802501261234283,0.0514880322158892,0.3900403976440429,0.0441161141588592,0.3981481492519378,0.0349529400512391,0.5852766036987305,0.020352838592577
gcn,addneuromed,random,0.8,OmicsReadOut,0.5365251898765564,0.0238386062402177,0.5507208506266276,0.0185650056555734,0.5586854418118795,0.0146596358459089,0.7025343378384908,0.0119951378834951,0.5238630374272665,0.0121353050453084,0.5304378469785055,0.0134987198750961,0.5324074228604635,0.0160375151247691,0.6844993034998575,0.0211803732153018
gcn,addneuromed,random,1.0,NoReadOut,0.4016347527503967,0.0388651750587909,0.4171079993247986,0.0317070008098869,0.4553990562756855,0.0203292505829392,0.5617890159289042,0.0110178282854584,0.3618920942147572,0.0204590692842327,0.3752833604812622,0.0218174232953102,0.379629631837209,0.021215638333788,0.568564236164093,0.0552300135744849
gcn,addneuromed,random,1.0,OmicsReadOut,0.5353268186251322,0.0134060336726677,0.5441864728927612,0.0195890482053558,0.5469483534495035,0.021514430539521,0.6870543360710144,0.0145050580494725,0.5513051350911459,0.0473994989802489,0.5578181346257528,0.0459822326435968,0.555555542310079,0.0500770918640262,0.6989940206209818,0.0315599434675788
gcn,addneuromed,variance,0.3,NoReadOut,0.4799579977989197,0.0064287740450062,0.5007965564727783,0.0076319380819228,0.5140844980875651,0.0121975331433847,0.6062365372975668,0.0031928803289971,0.3997661570707956,0.0388395453961411,0.4227877855300903,0.0389207281374626,0.4351851840813954,0.0424312474022767,0.5830132762591044,0.0073116431882329
gcn,addneuromed,variance,0.3,OmicsReadOut,0.5709036787350973,0.0078665398847048,0.5826838811238607,0.0071174368158048,0.5868544578552246,0.004065832910209,0.7339907089869181,0.0046715305643433,0.5903977354367574,0.0241952667697359,0.5914738575617472,0.0268881887791567,0.5925925771395365,0.021215638333788,0.7721536556879679,0.0128931140829144
gcn,addneuromed,variance,0.5,NoReadOut,0.4885292152563731,0.0053369569407873,0.5078404943148295,0.0055730959327666,0.5187793374061584,0.004065832910209,0.6118740240732828,0.0041670683179671,0.4217455685138702,0.0285718283439792,0.4447319606939952,0.0284020164753004,0.4629629552364349,0.0289120248540243,0.5673296848932902,0.0040589894659414
gcn,addneuromed,variance,0.5,OmicsReadOut,0.5923952658971151,0.0180953466636932,0.6030558546384176,0.0143874001770742,0.6032863855361938,0.0107572412833601,0.734683096408844,0.0036529430328702,0.5406703154246012,0.0551276465489187,0.5426348547140757,0.0592397160091328,0.5509259303410848,0.0424312441505779,0.7410836815834045,0.0060624730392399
gcn,addneuromed,variance,0.8,NoReadOut,0.4870813687642415,0.0081980546209263,0.505855550368627,0.0089433863425986,0.5187793572743734,0.0081317002331757,0.6235789060592651,0.0048860985471413,0.3869230846563975,0.0139316641318634,0.4183184703191121,0.0087317108141935,0.4444444477558136,0.0,0.5978280703226725,0.0132279506416955
gcn,addneuromed,variance,0.8,OmicsReadOut,0.5948173602422079,0.028158352054649,0.6072782079378763,0.0261562859638951,0.6150234738985697,0.0226376675705368,0.7300499677658081,0.0114122758219317,0.4837630093097687,0.0990744260785048,0.4904791712760925,0.1050484987475821,0.4999999900658925,0.08333332836628,0.7013717293739319,0.0489671839396022
gcn,addneuromed,variance,1.0,NoReadOut,0.4878760079542796,0.0121921431501835,0.5059101184209188,0.0099257804043289,0.5140844980875651,0.007042258977911,0.6181380947430929,0.0074358293255272,0.3945603271325429,0.0090146275276038,0.4190594653288523,0.018156933697926,0.4305555621782939,0.0277777761220945,0.5644718408584595,0.0155892155802736
gcn,addneuromed,variance,1.0,OmicsReadOut,0.5820444226264954,0.0076659513853566,0.5956946810086569,0.0081413573650803,0.6032863855361938,0.0107572412833601,0.7466739416122437,0.0179450562993693,0.5726842880249023,0.0330372234732216,0.5816565155982971,0.0347489866070696,0.5833333333333334,0.0277777612209373,0.7718792756398519,0.0230456646672837
gin,addneuromed,correlation,0.3,NoReadOut,0.449598749478658,0.0206549818145329,0.4568464358647664,0.0209201429994703,0.4624413152535755,0.0162634004663514,0.6025554339090983,0.0140437388766817,0.3653191328048706,0.0701330206305776,0.3694295585155487,0.0667520465108692,0.375,0.0636468857360646,0.5575902859369913,0.023819774692942
gin,addneuromed,correlation,0.3,OmicsReadOut,0.5117351909478506,0.0592129685791009,0.5238019227981567,0.0624540674929632,0.5375586847464243,0.0722760832511417,0.6721745530764262,0.0383224697842461,0.4717427293459574,0.0018322093655277,0.4698628981908162,0.0081418370884999,0.4768518408139546,0.0080187575623845,0.6909693876902262,0.0228381612846321
gin,addneuromed,correlation,0.5,NoReadOut,0.4499779939651489,0.0249811692994023,0.4578959743181864,0.0231965623445536,0.4624413152535755,0.0162634004663514,0.6069536407788595,0.0064633781220337,0.3821786642074585,0.0444292230538764,0.377983142932256,0.0366933772987861,0.3842592537403106,0.0349529400512391,0.5699816942214966,0.0479330202968795
gin,addneuromed,correlation,0.5,OmicsReadOut,0.4765105048815409,0.0191682127326078,0.4903158644835154,0.015221230654034,0.5117370784282684,0.0387857038623347,0.6500539382298788,0.0329774614444094,0.5172361532847086,0.0205267876737824,0.526759922504425,0.030066651556247,0.5370370348294576,0.0289120081513572,0.6581618587176005,0.0175116020763396
gin,addneuromed,correlation,0.8,NoReadOut,0.469649722178777,0.0283563906405221,0.4732913970947265,0.0283992713813211,0.481220652659734,0.0226376613898212,0.6207595467567444,0.0153015684021583,0.3889147241910298,0.0434710856393239,0.3886183599630992,0.0459467198841312,0.3981481492519378,0.0424312604090766,0.6098079284032186,0.0208358881607935
gin,addneuromed,correlation,0.8,OmicsReadOut,0.500060627857844,0.0588256472881641,0.515229860941569,0.0582205248694983,0.5375586748123169,0.047935620672721,0.6730281313260397,0.0095730977826929,0.4699657460053761,0.0284048473068246,0.4826930165290832,0.0310886806321681,0.4907407363255818,0.0320750302495381,0.6587448120117188,0.0316198133424484
gin,addneuromed,correlation,1.0,NoReadOut,0.5078796744346619,0.0025516173343553,0.5106053948402405,0.0030824137563503,0.5093896587689718,0.0040658673229666,0.6289211312929789,0.0091077294251057,0.4680969814459483,0.0268864054382908,0.4745024939378102,0.0274295846401104,0.4722222189108531,0.0277777761220945,0.6414494713147482,0.0102993146209763
gin,addneuromed,correlation,1.0,OmicsReadOut,0.4917469322681427,0.0632213264659533,0.5067770679791769,0.0589053403462068,0.5305164257685343,0.0226376675705368,0.6683227022488912,0.0220223449698803,0.4607546130816142,0.0533952232540031,0.4743487536907196,0.0495325417376871,0.4814814825852712,0.0424312636607776,0.657956083615621,0.0709032489695434
gin,addneuromed,distance_correlation,0.3,NoReadOut,0.5303623676300049,0.0112275538367827,0.537045975526174,0.0130489628915934,0.5375586748123169,0.0146596263015272,0.669605016708374,0.0096129062000086,0.5127875010172526,0.0360310905988598,0.5131540894508362,0.0329575291300075,0.5231481591860453,0.0320750302495382,0.6782579024632772,0.029283366990702
gin,addneuromed,distance_correlation,0.3,OmicsReadOut,0.5417491594950358,0.0168204075702302,0.5498234430948893,0.0181065722931905,0.5469483534495035,0.0226376892030381,0.7013059854507446,0.0297763406558756,0.4443921446800232,0.0407804110129412,0.4472962915897369,0.0467860811424258,0.4490740696589152,0.040093753399165,0.6877457499504089,0.0058304399821357
gin,addneuromed,distance_correlation,0.5,NoReadOut,0.554191509882609,0.017511363567118,0.5637363990147909,0.0201397671549591,0.5633802811304728,0.021126776933677,0.7186323006947836,0.0132144404753533,0.4733697175979614,0.0330821128747356,0.4788696765899658,0.0269761981960203,0.4814814825852712,0.0289120296262176,0.6638089219729105,0.0221051158675317
gin,addneuromed,distance_correlation,0.5,OmicsReadOut,0.5130243897438049,0.0278871785067927,0.5256590247154236,0.0256537714153742,0.5375586748123169,0.0146596263015272,0.6989790399869283,0.016871716580747,0.5084892312685648,0.0723486748473032,0.5177203317483267,0.0713870231796582,0.5231481492519379,0.076494027663067,0.6898033817609152,0.0420591160216231
gin,addneuromed,distance_correlation,0.8,NoReadOut,0.5881352225939432,0.0072697712497125,0.5963360667228699,0.0105437572577429,0.5962441364924113,0.0107572152697605,0.7517371773719788,0.0113863667063417,0.5064595937728882,0.028254868153971,0.5179389119148254,0.0284633458964084,0.5185185273488363,0.0289120415566921,0.6700273950894674,0.0333465352678019
gin,addneuromed,distance_correlation,0.8,OmicsReadOut,0.5383015473683676,0.0269683783200957,0.5539307594299316,0.0258053052739423,0.5727699398994446,0.0177226139881347,0.7299555937449137,0.0066849502733136,0.4954571425914764,0.0412438466543625,0.509556512037913,0.0381234889109964,0.5138888955116272,0.0367465635091267,0.694307267665863,0.0123204822660953
gin,addneuromed,distance_correlation,1.0,NoReadOut,0.5530440310637156,0.0506631530994423,0.5640809337298075,0.0502142818027609,0.565727710723877,0.0494631703701568,0.7268721262613932,0.0294251934552841,0.5059941411018372,0.0169966018261545,0.5114689866701762,0.0080611895752606,0.5138888955116272,0.0138888955116271,0.6879515051841736,0.0163141199499524
gin,addneuromed,distance_correlation,1.0,OmicsReadOut,0.5299137433369955,0.0270111567791401,0.5437987446784973,0.0280797918424907,0.5563380122184753,0.0306964678703802,0.715342382589976,0.0134089519257168,0.5047637621561686,0.030526891680524,0.5149491628011068,0.0265633294528577,0.5185185273488363,0.021215638333788,0.6883859237035116,0.0149641200785474
gin,addneuromed,random,0.3,NoReadOut,0.4286225239435832,0.0203972977838022,0.4382276435693104,0.017772315173053,0.441314548254013,0.0162633832599725,0.5731997688611349,0.0010931732938128,0.3312109013398488,0.0065285054180798,0.3483665684858958,0.0071979848284781,0.3564814726511637,0.0080187575623845,0.4571102062861125,0.0275601278061991
gin,addneuromed,random,0.3,OmicsReadOut,0.509933610757192,0.0344038047858026,0.5157387952009836,0.0425393700234181,0.518779327472051,0.040658449546742,0.6830610235532125,0.0248508827774496,0.4599425395329793,0.0147681359639488,0.4570313096046448,0.0117298471896033,0.4629629552364349,0.0160374979183902,0.7003886699676514,0.031923948412191
gin,addneuromed,random,0.5,NoReadOut,0.4215952356656392,0.0130453637683868,0.4322822690010071,0.0125575199789657,0.441314548254013,0.004065832910209,0.5706506967544556,0.0106442015298076,0.327559620141983,0.0248192754744648,0.3456611136595408,0.024631269446129,0.3564814825852712,0.0212156220752889,0.4708504676818847,0.0068953117232451
gin,addneuromed,random,0.5,OmicsReadOut,0.492636889219284,0.0262576266096437,0.5029288530349731,0.025756046566004,0.5117370883623759,0.022637689203038,0.6410662333170573,0.0406064534026786,0.4752172032992045,0.0591737525812087,0.4823828438917796,0.056596102222494,0.4814814925193786,0.0525824927009553,0.6598193844159445,0.0494667190965131
gin,addneuromed,random,0.8,NoReadOut,0.4268101354440053,0.003905134858568,0.4368005196253459,0.0051782498165765,0.4483568072319031,0.0162633832599726,0.5767252842585245,0.0165033988952926,0.2827240924040476,0.0438750886857476,0.3079635898272196,0.032053720015151,0.3333333333333333,0.0138888806104686,0.4675354162851969,0.0056384908782089
gin,addneuromed,random,0.8,OmicsReadOut,0.4651314914226532,0.0092031829797224,0.4735961655775706,0.01108822788819,0.4906103412310282,0.032526783726324,0.6628460089365641,0.0081442314085007,0.4505019187927246,0.0167885379120179,0.4553579191366831,0.0140188676565736,0.4537037014961242,0.0212156253269911,0.5969021717707316,0.0670461380327066
gin,addneuromed,random,1.0,NoReadOut,0.4325563708941142,0.0030806649190983,0.4433645009994507,0.0034003526389492,0.4460093776384989,0.0040658501165878,0.5829895933469137,0.0114806589729019,0.3578681548436482,0.0397407153196969,0.3617404500643412,0.0401267536715353,0.3657407462596893,0.0349529400512391,0.4762231508890788,0.0358233099812816
gin,addneuromed,random,1.0,OmicsReadOut,0.4997683266798655,0.0370561269368243,0.5077891151110331,0.0336156149615917,0.5187793374061584,0.0266615516927617,0.6669729749361674,0.0052984523223954,0.4338965713977813,0.0371581502872072,0.4489273031552632,0.0162944014252282,0.4768518507480621,0.0212156253269911,0.6597851117451986,0.0126597273918226
gin,addneuromed,variance,0.3,NoReadOut,0.47196560104688,0.0409154262250168,0.4917583465576172,0.0386590096672358,0.5023474196592966,0.0412638439791534,0.6194606224695841,0.0235642529023159,0.3717856506506602,0.0861734213384623,0.3859461843967438,0.0920810994225898,0.3935185174147288,0.0813814560594398,0.5673982302347819,0.0487871830793473
gin,addneuromed,variance,0.3,OmicsReadOut,0.5083296497662863,0.0644131033492684,0.5295635362466177,0.0498091937636204,0.5633803009986877,0.0,0.6943680842717489,0.0121770055117649,0.4169665078322093,0.0875057951320886,0.43431289990743,0.062716454999783,0.4537037014961242,0.0400937706055438,0.6211477120717367,0.0570529479321036
gin,addneuromed,variance,0.5,NoReadOut,0.5041300058364868,0.026323060995171,0.5226451853911082,0.0221392032256381,0.5422535339991251,0.0253912093085254,0.6373730500539144,0.0094557014492094,0.4701792895793915,0.0585111703807378,0.4897643228371938,0.0539701363673677,0.4907407462596893,0.0487761838964629,0.661065399646759,0.0232177462898105
gin,addneuromed,variance,0.5,OmicsReadOut,0.5301280617713928,0.047465883304944,0.5389224688212076,0.0551186785380736,0.5422535141309103,0.0601690417373143,0.6858530044555664,0.0475245091345849,0.4837808609008789,0.0580132302845721,0.4875226815541585,0.0590173265837698,0.4861111144224803,0.0555555671453482,0.670827587445577,0.0517032356064059
gin,addneuromed,variance,0.8,NoReadOut,0.5060107906659445,0.0097249026200986,0.5273759961128235,0.0068293377521869,0.5446009238560995,0.0107572152697605,0.6584526697794596,0.0063050290094266,0.5024950206279755,0.0473846205689909,0.5303348700205485,0.0368506467163898,0.5370370348294576,0.0289120081513572,0.6775948405265808,0.0310906416865853
gin,addneuromed,variance,0.8,OmicsReadOut,0.515717069307963,0.0060522345898917,0.5293105443318685,0.0087758557581607,0.5352112452189127,0.0121975331433847,0.6769247253735861,0.0121073471010193,0.4663990139961242,0.0488212082635759,0.4767822126547495,0.0546820713586993,0.4861111144224803,0.0555555671453482,0.6692386666933695,0.0323248791694609
gin,addneuromed,variance,1.0,NoReadOut,0.496488352616628,0.0268364526716269,0.5163024961948395,0.0255473032484811,0.5305164257685343,0.0247315837707338,0.671284000078837,0.02371281894214,0.4893561800320943,0.0426750215903362,0.5081368982791901,0.037362328246114,0.5092592636744181,0.0400937878119227,0.6652949055035909,0.0306610873386908
gin,addneuromed,variance,1.0,OmicsReadOut,0.5316849946975708,0.0163540534421102,0.5437874595324198,0.0168335013433809,0.5492957830429077,0.01408451795578,0.6878349979718527,0.0222686977511986,0.4513083398342132,0.0344860167109314,0.4640000065167745,0.0232710495252894,0.4629629552364349,0.0289120248540243,0.6394718885421753,0.0484787369828494
mlp,addneuromed,correlation,0.3,NoReadOut,0.5550574064254761,0.0366513404359883,0.569030781586965,0.0357882260289046,0.5751173694928488,0.0325268009327028,0.7099804878234863,0.0184086769135759,0.5022196670373281,0.0357014931161741,0.5239889820416769,0.0346993838023876,0.5324074029922485,0.0320749958367804,0.7135916352272034,0.0236018731890301
mlp,addneuromed,correlation,0.5,NoReadOut,0.5385265747706095,0.0046783482935073,0.54925537109375,0.0006523265975808,0.5446009238560995,0.0040658673229666,0.6948648691177368,0.0117634615393175,0.5159400304158529,0.0386698787127185,0.5227386951446533,0.0459890270265883,0.5185185074806213,0.0446465185960931,0.7499314546585083,0.0034763035152312
mlp,addneuromed,correlation,0.8,NoReadOut,0.5310073693593343,0.0116796967236663,0.5464245279630026,0.011441765079358,0.5516431927680969,0.0146596263015272,0.6869062980016073,0.0038300583319894,0.4956610004107157,0.0275613103506694,0.509099135796229,0.0186641766232944,0.5046296318372091,0.016037515124769,0.7397805253664652,0.0115648080327362
mlp,addneuromed,correlation,1.0,NoReadOut,0.5141704678535461,0.0157052262375044,0.5297272205352783,0.0132372304209381,0.5352112849553426,0.0121975331433847,0.6869073510169983,0.0051715216194664,0.5329116980234782,0.0368998248139891,0.545074333747228,0.0462513119031675,0.5370370348294576,0.0446465309575283,0.715134878953298,0.0044079290416524
mlp,addneuromed,distance_correlation,0.3,NoReadOut,0.55781622727712,0.0129237768010826,0.5698559880256653,0.0128311863614405,0.5704225301742554,0.01408451795578,0.7207722266515096,0.0117174785951249,0.5138204594453176,0.035844114943095,0.5235046545664469,0.0320075233364522,0.5231481591860453,0.0289120415566921,0.7024576862653097,0.0333630146827038
mlp,addneuromed,distance_correlation,0.5,NoReadOut,0.5346430937449137,0.0132180725043284,0.5462761123975118,0.0091361588994564,0.5446009437243143,0.0081317002331757,0.6975624759991964,0.0083185450069495,0.5418633222579956,0.0131649968483755,0.5462938149770101,0.0177526599278334,0.5462963183720907,0.0160375151247691,0.7752857804298401,0.0040252341472198
mlp,addneuromed,distance_correlation,0.8,NoReadOut,0.5543814102808634,0.0214567775663477,0.5678037405014038,0.0180524088303137,0.5704225103060404,0.0121975331433847,0.7058415412902832,0.0077110906137769,0.5167329708735148,0.0132815540908301,0.5228506724039713,0.0194963732313472,0.5185185273488363,0.016037515124769,0.7549611131350199,0.0137927154752334
mlp,addneuromed,distance_correlation,1.0,NoReadOut,0.5377182563145956,0.0080634195902438,0.5482033292452494,0.0078288972100788,0.5469483534495035,0.0040658673229666,0.6967737476030985,0.0044279163887144,0.5285966595013937,0.013665154571852,0.5305188099543253,0.0140219451154452,0.5277777910232544,0.0138888955116271,0.7648833990097046,0.0102277847943877
mlp,addneuromed,random,0.3,NoReadOut,0.5619926055272421,0.0074177049675479,0.5762504935264587,0.0086112961411765,0.5798121889432272,0.0040658673229666,0.7379044691721598,0.0113994938599826,0.5027633110682169,0.0621417823276501,0.5057192146778107,0.0482758336213964,0.5092592736085256,0.0578240664107163,0.7193644245465597,0.0290340212002442
mlp,addneuromed,random,0.5,NoReadOut,0.5695103208223978,0.0045627895285744,0.5793312788009644,0.0061747302350222,0.5798121889432272,0.0107572152697605,0.7351115345954895,0.0085682452173457,0.5160304307937622,0.0239700523996272,0.521403431892395,0.0179009535952096,0.5231481591860453,0.021215638333788,0.7207704583803812,0.0164105343875652
mlp,addneuromed,random,0.8,NoReadOut,0.56160436073939,0.0223908171363734,0.5714950164159139,0.0216441510653857,0.5751173496246338,0.0177226139881347,0.7235372066497803,0.0125451901847567,0.4929519097010295,0.0329251850065946,0.4949784278869629,0.0328190597623681,0.5,0.0277777910232543,0.6916323900222778,0.0082683534502135
mlp,addneuromed,random,1.0,NoReadOut,0.5733490387598673,0.0039782978501214,0.5784260034561157,0.0065354477548094,0.577464779218038,0.007042258977911,0.7245547970136007,0.0126777724985693,0.4916878938674927,0.0447782705298577,0.497779627641042,0.0460250801842066,0.4953703780968984,0.0446465355930557,0.6973936557769775,0.0307028593355083
mlp,addneuromed,variance,0.3,NoReadOut,0.605143407980601,0.0153948482687441,0.613817036151886,0.0150207328718374,0.6126760641733805,0.0186320546593943,0.7614760398864746,0.0108467222496788,0.5858102043469747,0.0187322978501408,0.5901468594868978,0.0117558060097465,0.5879629453023275,0.016037515124769,0.7842020988464355,0.0238998539029072
mlp,addneuromed,variance,0.5,NoReadOut,0.6002953847249349,0.012873940137878,0.6103756229082743,0.0108290573683387,0.6150234738985697,0.0107572087663782,0.7697756091753641,0.0075956803635178,0.5230457186698914,0.049795688291728,0.5253476798534393,0.0514199654259992,0.5277777711550394,0.050077100129708,0.7631916006406149,0.0248191068051803
mlp,addneuromed,variance,0.8,NoReadOut,0.5965845584869385,0.01491842667701,0.6120386521021525,0.0151892715883516,0.6197183132171631,0.01408451795578,0.7405387361844381,0.0014612858920052,0.523001492023468,0.0310465627432949,0.5397599339485168,0.0234896876888385,0.5370370546976725,0.021215638333788,0.7421353459358215,0.0160403404321765
mlp,addneuromed,variance,1.0,NoReadOut,0.5948426922162374,0.0082682046751087,0.6048765182495117,0.0069672296202754,0.605633815129598,0.007042258977911,0.7468706369400024,0.0039381940963786,0.5034369230270386,0.023701772880553,0.5139997998873392,0.0261386286337355,0.5046296318372091,0.0289120415566921,0.7460447947184244,0.0157861457849176
sage,addneuromed,correlation,0.3,NoReadOut,0.4505703747272491,0.0120768809683284,0.4545493225256602,0.0145947609156754,0.4577464759349823,0.01408451795578,0.5984636147816976,0.0070778187965298,0.3597259720166524,0.0505473950306454,0.3699338734149933,0.0557938322122259,0.379629631837209,0.0424312474022767,0.553132156531016,0.0305998145210539
sage,addneuromed,correlation,0.3,OmicsReadOut,0.5379249453544617,0.0321526469099227,0.5533957680066427,0.0354461333869987,0.565727690855662,0.0564845652891808,0.7018635471661886,0.0498228573121642,0.4855885704358418,0.0208747176731806,0.4970859984556834,0.0095905693942739,0.5092592636744181,0.0080187575623845,0.7074531316757202,0.0310941779806252
sage,addneuromed,correlation,0.5,NoReadOut,0.4456266363461812,0.0247707816939727,0.4500059485435486,0.0232348705406475,0.4530516465504964,0.0215144402946098,0.580143133799235,0.0141162624310537,0.3500863015651703,0.0527351345664659,0.3517685631910959,0.0550214114873109,0.3611111144224803,0.0416666716337212,0.5530406634012858,0.0195575790958071
sage,addneuromed,correlation,0.5,OmicsReadOut,0.5338934659957886,0.0242003470714452,0.5449866453806559,0.0190066812004521,0.5633802811304728,0.0186320546593943,0.7087819973627726,0.0028629673993267,0.5705045660336813,0.0604046973251742,0.5779216289520264,0.0522400654335807,0.5787037014961243,0.0487761669241965,0.7326246102650961,0.0231324644599569
sage,addneuromed,correlation,0.8,NoReadOut,0.4536158243815104,0.0138458063194703,0.4684974451859792,0.0124462787547468,0.4812206625938415,0.0107572120180561,0.6008741656939188,0.0048640258472104,0.4171307782332102,0.0525734200816837,0.4341611166795094,0.0496158763738258,0.4444444477558136,0.0416666567325592,0.6169867515563965,0.0173323907809474
sage,addneuromed,correlation,0.8,OmicsReadOut,0.5447261730829874,0.0064709348279016,0.5602484941482544,0.0085745354071472,0.565727690855662,0.0107572087663783,0.708312968413035,0.0143692158892605,0.4823056062062581,0.0536433730748269,0.4798426230748494,0.0538618461192824,0.4814814825852712,0.0578240664107163,0.6508687734603882,0.0325887216658307
sage,addneuromed,correlation,1.0,NoReadOut,0.4959640701611836,0.0202319995461694,0.498029222091039,0.0200953281524095,0.4976525803407033,0.02151442728781,0.6416873335838318,0.0124368278607466,0.4484692613283793,0.029323899080609,0.4635046223799388,0.0225554741434169,0.4629629651705424,0.0212156220752889,0.6347965200742086,0.0233027157494507
sage,addneuromed,correlation,1.0,OmicsReadOut,0.545908788839976,0.0191097852828847,0.5592955549558004,0.0202132895584399,0.5704225301742554,0.0186320433951809,0.7157065868377686,0.0057203518665205,0.4799382885297139,0.0235662148827286,0.4836665292580922,0.0251163445532015,0.4861111044883728,0.0240562726871536,0.6851851542790731,0.0254593872275724
sage,addneuromed,distance_correlation,0.3,NoReadOut,0.5362839102745056,0.0183677910743775,0.5444460511207581,0.0190084380108446,0.5492957631746928,0.0186320546593943,0.6896539529164633,0.0137865752310566,0.4608339468638102,0.0401567574950016,0.4680733184019724,0.0413039162650616,0.4722222189108531,0.0367465466127983,0.6478280623753866,0.0209243770770825
sage,addneuromed,distance_correlation,0.3,OmicsReadOut,0.5430906017621359,0.0169785537108024,0.5484374562899271,0.0164538015946705,0.5469483534495035,0.0203292333765604,0.718912680943807,0.0149935247341004,0.4239078064759572,0.0494062248496474,0.4249265591303507,0.0501520423530718,0.4259259204069773,0.04877616833855,0.6498856743176779,0.0334638707028559
sage,addneuromed,distance_correlation,0.5,NoReadOut,0.5561240116755167,0.0158849510029072,0.5633167823155721,0.0172891834573949,0.565727690855662,0.0146596024405659,0.7269081672032675,0.0160381785523147,0.4970478018124898,0.0033871837638911,0.5045313636461893,0.0070967182495156,0.5092592636744181,0.0080187575623845,0.6787380377451578,0.0206194385563073
sage,addneuromed,distance_correlation,0.5,OmicsReadOut,0.5569786429405212,0.013420004294008,0.5633467634518942,0.0193801525051752,0.565727690855662,0.0293192621474175,0.7108689149220785,0.028512608512393,0.4942399859428406,0.0958184401517982,0.4975000123182932,0.0963706662785737,0.4953703681627909,0.0975523366771001,0.6705075105031332,0.0721759330774591
sage,addneuromed,distance_correlation,0.8,NoReadOut,0.5435270071029663,0.0164637990006397,0.5493340889612833,0.0159846680954588,0.551643172899882,0.0162634004663514,0.7220773100852966,0.0035410129875689,0.5163604617118835,0.0301717811617253,0.5298920075098673,0.0248782125964424,0.5277777910232544,0.0240562726871536,0.6705990036328634,0.022853274382962
sage,addneuromed,distance_correlation,0.8,OmicsReadOut,0.5690318544705709,0.0223803062916799,0.5685855150222778,0.027712068237849,0.5727699398994446,0.0215144240361122,0.7277370095252991,0.0196205328356343,0.4851363897323608,0.0461793261882263,0.4851014415423075,0.0504181065651033,0.4907407462596893,0.0424312604090766,0.664814829826355,0.0236564314262751
sage,addneuromed,distance_correlation,1.0,NoReadOut,0.5103524029254913,0.0351419454760974,0.52142862478892,0.0299479517826648,0.5281689961751302,0.0253912093085254,0.6996089617411295,0.0145282633233731,0.5019998351732889,0.0543136780064886,0.5098565220832825,0.0544798912203181,0.5092592736085256,0.0578240664107163,0.7047324776649475,0.0210220347972174
sage,addneuromed,distance_correlation,1.0,OmicsReadOut,0.5527392625808716,0.008875180739921,0.5595901211102804,0.0103819039367881,0.5633802811304728,0.0140844881534681,0.7172640363375345,0.0127920936823297,0.5010060469309489,0.0202273320827776,0.5050014952818552,0.0232842314464716,0.5046296318372091,0.021215638333788,0.6901691953341166,0.0151784016249696
sage,addneuromed,random,0.3,NoReadOut,0.4229128758112589,0.0124858075470972,0.4355183641115824,0.0119563298739254,0.4342722992102305,0.0107572152697604,0.554255465666453,0.0011520825758002,0.3640041649341583,0.0071055598107534,0.36835977435112,0.0089969973844597,0.3657407363255818,0.0080187575623845,0.5673296650250753,0.0111546776071085
sage,addneuromed,random,0.3,OmicsReadOut,0.5280093948046366,0.0164937773580198,0.5458471576372782,0.0144190195652765,0.5610328515370687,0.0177226179355685,0.7082582712173462,0.0218929035611604,0.5424984494845072,0.0370113496154261,0.5534655253092448,0.0344765658044947,0.5648148059844971,0.0349529222878772,0.7212620178858439,0.0265382579315639
sage,addneuromed,random,0.5,NoReadOut,0.4147277176380157,0.0064261349259186,0.4305140276749928,0.0066541626381467,0.4389671285947163,0.0081316830267968,0.5788968602816263,0.0051291088960372,0.4741217096646626,0.0202794879696031,0.4828695158163706,0.0212505050764615,0.4814814825852712,0.0212156220752889,0.6216735243797302,0.0041905404712577
sage,addneuromed,random,0.5,OmicsReadOut,0.5402605334917704,0.022994011012179,0.5548189679781595,0.0227443036175383,0.5633802612622579,0.0243950662867694,0.7183295289675394,0.018437912331974,0.4872100551923116,0.0512709918714861,0.5041075845559438,0.0523550206926063,0.5000000099341074,0.0555555671453482,0.6691586971282959,0.017801177460801
sage,addneuromed,random,0.8,NoReadOut,0.4494158824284871,0.0008112455883409,0.4604371090730031,0.0003813869769495,0.4577464759349823,0.0,0.5853898922602335,0.0025469950608871,0.4374707241853078,0.0123441831103489,0.4426156381766,0.0169064200504673,0.4398148159186045,0.0160375151247691,0.6265660723050436,0.004458364656354
sage,addneuromed,random,0.8,OmicsReadOut,0.513757069905599,0.0656825252827945,0.5187254349390665,0.0706350730403317,0.5211267570654551,0.0679130413410644,0.6735726992289225,0.0295370151525528,0.5058470169703165,0.0569041573601732,0.5072607000668844,0.0626122463844609,0.5092592537403107,0.0561312574626906,0.6833218932151794,0.0268106031433086
sage,addneuromed,random,1.0,NoReadOut,0.4434023598829905,0.0256998370222656,0.4495070477326711,0.021015624283117,0.4553990562756856,0.0040658501165878,0.581959068775177,0.0058101912470907,0.4036364157994588,0.0474914113242108,0.4025217195351918,0.0541542653420332,0.407407412926356,0.0446465355930557,0.536831259727478,0.0197278226436113
sage,addneuromed,random,1.0,OmicsReadOut,0.5511197249094645,0.0060346892745719,0.5614869395891825,0.0123375778466691,0.5633802811304728,0.021126776933677,0.6855951150258383,0.0186882145898159,0.557906448841095,0.0637338293571582,0.557036280632019,0.0668893811546305,0.560185174147288,0.0641500260863186,0.7187928756078085,0.0366405793246313
sage,addneuromed,variance,0.3,NoReadOut,0.4983312984307607,0.0150115876932625,0.512097438176473,0.0122381220138923,0.5164319078127543,0.0081317002331757,0.6594076355298361,0.010087341485428,0.3952068189779916,0.0292402961783582,0.410805324713389,0.0336196057377911,0.4120370348294576,0.0525824756452923,0.640717883904775,0.0112299820053041
sage,addneuromed,variance,0.3,OmicsReadOut,0.5796884099642435,0.0026776741596229,0.5958584149678549,0.0064649706626693,0.6079812049865723,0.0177226139881347,0.7366354465484619,0.0118842984777935,0.5271130899588267,0.0328784072145652,0.5433453520139059,0.0322350762067096,0.5416666666666666,0.0367465297164701,0.7247599363327026,0.0225730127437285
sage,addneuromed,variance,0.5,NoReadOut,0.4883420169353485,0.0033297193371295,0.5084768931070963,0.0031392864485696,0.5187793374061584,0.004065832910209,0.6184019446372986,0.0099046601755863,0.3945110440254211,0.0285086833304051,0.4127101997534434,0.0301971923246432,0.4212962985038757,0.0212156253269911,0.6033836404482523,0.0120775905792597
sage,addneuromed,variance,0.5,OmicsReadOut,0.5786845684051514,0.0078202805998768,0.593906303246816,0.0079025897371543,0.6032863855361938,0.004065832910209,0.7577208081881205,0.010642131479139,0.5013299584388733,0.0282641063458529,0.5127784113089243,0.034727296785771,0.5138888955116272,0.0240562726871536,0.7212163011233012,0.0278707657267866
sage,addneuromed,variance,0.8,NoReadOut,0.5039494335651398,0.021673467539357,0.5148649911085764,0.0195367757828033,0.5164319276809692,0.0177226139881347,0.6541697184244791,0.0172225200667684,0.451298991839091,0.0330133113766799,0.4678965508937835,0.0278130504660233,0.4722222288449605,0.0240562554807747,0.6207590301831564,0.0272751019815137
sage,addneuromed,variance,0.8,OmicsReadOut,0.5725493232409159,0.0260859966150173,0.5835596919059753,0.0257847314298035,0.5845070481300354,0.0322716653194714,0.7174407045046488,0.0135840851252272,0.5181899766127268,0.0275737730594922,0.5258260269959768,0.0238405592656792,0.5185185273488363,0.0289120415566921,0.7082990010579427,0.0165212446228291
sage,addneuromed,variance,1.0,NoReadOut,0.5026552279790243,0.0058110750198816,0.5215717752774557,0.0067031272876128,0.5305164257685343,0.0081317002331757,0.6442829569180807,0.0045929091490122,0.3773984710375468,0.0130129035079378,0.4043235282103221,0.0157259267398622,0.4120370348294576,0.0212156220752889,0.6076131661732992,0.0086910895227287
sage,addneuromed,variance,1.0,OmicsReadOut,0.5807614723841349,0.0035331878346908,0.5918717185656229,0.0025291216278687,0.5985915462176005,0.007042258977911,0.731685479482015,0.0152517322045858,0.4909050067265828,0.020288058302792,0.5006643037001292,0.0197991983190369,0.4907407363255818,0.021215638333788,0.6765432159105936,0.0274196736320435
sagn,addneuromed,correlation,0.3,NoReadOut,0.4683098991711934,0.0092485031873606,0.477497527996699,0.0094174847911062,0.4765258232752482,0.0107572152697605,0.62106321255366,0.003056729168662,0.5221312840779623,0.0444325573396497,0.520635575056076,0.0487353125199939,0.5231481393178304,0.0424312441505779,0.6775033871332804,0.0230545446086102
sagn,addneuromed,correlation,0.3,OmicsReadOut,0.5358899037043253,0.0188278857585161,0.5458878874778748,0.0171661341087888,0.5446009238560995,0.0203292333765604,0.6944128076235453,0.0335502582477423,0.4774971107641856,0.0741525376471429,0.4937022626399994,0.0633418428575549,0.4861111144224803,0.0694444626569753,0.700000007947286,0.02230123410306
sagn,addneuromed,correlation,0.5,NoReadOut,0.4641466836134593,0.0071584063058892,0.4759714206059773,0.0063440648378956,0.4765258332093556,0.0040658501165878,0.6298252940177917,0.0015217086438132,0.4865848223368327,0.0642620018418753,0.4836323956648509,0.0725270782888587,0.4907407462596893,0.0626284843329567,0.6930498480796814,0.035027172474823
sagn,addneuromed,correlation,0.5,OmicsReadOut,0.5309687455495199,0.0073843768884967,0.5448542435963949,0.0126101940403637,0.5492957631746928,0.0243950662867694,0.7009464899698893,0.0154317545865252,0.497680922349294,0.046060908286338,0.5129927198092142,0.0397040337711215,0.5138888955116272,0.0367465635091267,0.7068586746851603,0.0241493656941197
sagn,addneuromed,correlation,0.8,NoReadOut,0.5276286602020264,0.0185994063065872,0.5384844541549683,0.0182562187705501,0.5352112650871277,0.01408451795578,0.6758608023325602,0.0092818429304011,0.5038703282674154,0.0829553196833966,0.5023334721724192,0.0832973644845296,0.5046296219031016,0.0813814560594398,0.6912665963172913,0.0492335157652107
sagn,addneuromed,correlation,0.8,OmicsReadOut,0.5188259283701578,0.0412506543327267,0.535147488117218,0.0376953138176947,0.5399061044057211,0.0387857110772111,0.6804542342821757,0.0274026404019393,0.539783259232839,0.0398475524758457,0.5465418696403503,0.0418833675580388,0.5462962985038757,0.0424312506539823,0.7282007137934366,0.0015701841716495
sagn,addneuromed,correlation,1.0,NoReadOut,0.5177339911460876,0.008663709602536,0.5320007602373759,0.0100458422452675,0.5305164257685343,0.0162634004663514,0.6711040337880453,0.0068803499108644,0.5644141038258871,0.0289763559702995,0.5640204548835754,0.0286683377871865,0.564814825852712,0.0289120081513572,0.7134430607159933,0.0071498214437082
sagn,addneuromed,correlation,1.0,OmicsReadOut,0.5215306083361307,0.0350882309734714,0.5315152605374655,0.0388878093237806,0.5469483534495035,0.0226376892030381,0.6870884895324707,0.0297764387936532,0.508383184671402,0.0539141884164983,0.5159481664498647,0.0462241244933346,0.5138888756434122,0.0500770918640262,0.6912208398183187,0.0270863605692802
sagn,addneuromed,distance_correlation,0.3,NoReadOut,0.5477245251337687,0.0087621341802927,0.5560251871744791,0.0118206384145961,0.5516431927680969,0.0146596263015272,0.7198160489400228,0.0029473508787983,0.5284543037414551,0.0297823983933407,0.5322017470995585,0.0309456921170353,0.5370370348294576,0.0289120081513572,0.7598079244295756,0.0090349901264382
sagn,addneuromed,distance_correlation,0.3,OmicsReadOut,0.5702070593833923,0.0278967407810718,0.5832563638687134,0.026569448396028,0.5892018675804138,0.0284609336097361,0.7223153710365295,0.0388405323498258,0.5662364959716797,0.038980712690168,0.5750801761945089,0.0357410725746527,0.5833333333333334,0.0277777612209373,0.7387746175130209,0.0419011101134527
sagn,addneuromed,distance_correlation,0.5,NoReadOut,0.52237335840861,0.0088638047409999,0.5275264183680216,0.0112940948615067,0.5328638553619385,0.004065832910209,0.6850026647249857,0.0076584130296913,0.4431698222955068,0.0359491046457974,0.4500697950522105,0.0384235819464222,0.4490740795930226,0.0424312474022767,0.7150891423225403,0.0128700750211241
sagn,addneuromed,distance_correlation,0.5,OmicsReadOut,0.571188231309255,0.0320947578111955,0.5830645759900411,0.0309600375058741,0.5845070282618204,0.0372640980545611,0.714238703250885,0.0389650275536333,0.569957415262858,0.0557177997345542,0.5791076421737671,0.0588426191815285,0.5833333333333334,0.0605402577869704,0.730841338634491,0.0569423833171639
sagn,addneuromed,distance_correlation,0.8,NoReadOut,0.514059821764628,0.0181630985182539,0.5200059016545614,0.0173813742999928,0.5375586946805319,0.0162633660535937,0.6696728865305582,0.0053945784431267,0.440613845984141,0.0088766587697474,0.459875226020813,0.0121665045176976,0.4629629552364349,0.0160374979183902,0.6601051489512125,0.0136452806044239
sagn,addneuromed,distance_correlation,0.8,OmicsReadOut,0.588070789972941,0.0123661384880592,0.5962049961090088,0.0118923717295972,0.6009389758110046,0.0146596263015272,0.7200807332992554,0.0037539821843882,0.6094996531804403,0.0600646840213481,0.609099805355072,0.0639007081428785,0.6157407561937968,0.0561312709819896,0.74176953236262,0.0440211594573291
sagn,addneuromed,distance_correlation,1.0,NoReadOut,0.4999351302782694,0.0077106235127287,0.510749359925588,0.0081500256579127,0.5258216063181559,0.0107572152697605,0.6525913675626119,0.0009239348350451,0.4353282650311788,0.0538197069623846,0.4664493600527445,0.0455274304523792,0.4768518507480621,0.0424312604090766,0.6429126461346945,0.0182258988236588
sagn,addneuromed,distance_correlation,1.0,OmicsReadOut,0.5430477062861124,0.0064874942810343,0.5556920170783997,0.0053790695143714,0.565727690855662,0.0107572087663782,0.6979774634043375,0.0101228472945662,0.6115100781122843,0.0472016399787076,0.6068282524744669,0.051573725825686,0.6111111243565878,0.0500770918640262,0.7377915183703104,0.0389495331982241
sagn,addneuromed,random,0.3,NoReadOut,0.4173814952373504,0.0080945352358623,0.4340723554293315,0.0110428709483843,0.467136154572169,0.0107572282765544,0.5730973283449808,0.0049430890017892,0.3874416351318359,0.0120731408168131,0.3988360166549682,0.0069580960662425,0.407407412926356,0.0212156220752889,0.5698216756184896,0.0058311110179582
sagn,addneuromed,random,0.3,OmicsReadOut,0.567547082901001,0.0048388876887709,0.5796223481496176,0.0073549919848512,0.5892018874486288,0.0081317002331757,0.7159423033396403,0.0046208124777899,0.5343061884244283,0.1061023575461896,0.5348782042662302,0.1037850095040834,0.5370370447635651,0.1042438039714848,0.6903291940689087,0.0542426085276336
sagn,addneuromed,random,0.5,NoReadOut,0.4505572021007538,0.020257268949458,0.4590657452742259,0.0178655110907418,0.467136154572169,0.0107572282765544,0.6252608100573221,0.0380489996393717,0.3751430809497833,0.0490489151357047,0.3765276670455932,0.0458568756178998,0.379629631837209,0.04877616833855,0.564357578754425,0.0109340428286034
sagn,addneuromed,random,0.5,OmicsReadOut,0.5761645038922628,0.0368500577715119,0.5883170962333679,0.0324007656072886,0.6032863855361938,0.0226377015644656,0.7471052209536234,0.0058614965423448,0.5142764647801717,0.0565961979010158,0.5267753005027771,0.0602687744861015,0.5370370348294576,0.0487761697529095,0.7517604033152262,0.0331470699425022
sagn,addneuromed,random,0.8,NoReadOut,0.4541069567203522,0.0053047564864622,0.4609934389591217,0.0065543229920118,0.4577464759349823,0.00704225897789,0.5812873840332031,0.0005264320592863,0.4250419338544209,0.0074709793548514,0.4316437741120656,0.0093908236886422,0.4259259204069773,0.0080187575623845,0.6079332232475281,0.0058054541662086
sagn,addneuromed,random,0.8,OmicsReadOut,0.576855460802714,0.0137922922015532,0.5845048626263937,0.0126349235527997,0.5845070481300354,0.01408451795578,0.7200965881347656,0.0234884617746533,0.6137657562891642,0.0325130346513208,0.6207289298375448,0.033039242140757,0.6203703681627909,0.0320750302495381,0.7600823243459066,0.0112864711466539
sagn,addneuromed,random,1.0,NoReadOut,0.4415609240531921,0.0238011414472938,0.4468731681505839,0.027312082728092,0.4507042169570923,0.0121975503497636,0.6076669096946716,0.0107992561125314,0.3356233537197113,0.0162505504688043,0.3395032286643982,0.0187697242470504,0.3425925970077514,0.0160374979183902,0.5326703190803528,0.0043058945685573
sagn,addneuromed,random,1.0,OmicsReadOut,0.599526047706604,0.0161373976894765,0.6090647578239441,0.0131189736497747,0.6126760443051656,0.0121975331433847,0.7548865675926208,0.0157208836244658,0.5882200797398885,0.0186205500319803,0.5938025911649069,0.0160746841587234,0.5925925771395365,0.016037515124769,0.7652491927146912,0.0310246132704375
sagn,addneuromed,variance,0.3,NoReadOut,0.4549621641635895,0.0228497822577776,0.4675716559092203,0.0237339886167776,0.4671361446380615,0.0247315851850784,0.631089985370636,0.0117224855444292,0.3755811750888824,0.0474682173092137,0.3774988452593485,0.0473638405553102,0.3749999900658925,0.0481125281679284,0.5884544849395752,0.0340377785300828
sagn,addneuromed,variance,0.3,OmicsReadOut,0.5939894119898478,0.0372028275833575,0.6076501409212748,0.0314983784964257,0.6173708836237589,0.0203292333765604,0.751366396745046,0.0164191373171737,0.5225271880626678,0.0478796165068572,0.5348306198914846,0.0379381782669185,0.5416666666666666,0.0277777612209373,0.7402834892272949,0.0224046979707621
sagn,addneuromed,variance,0.5,NoReadOut,0.4713177283604939,0.0117874205688615,0.4834937850634257,0.0133118026714432,0.4812206625938415,0.0162633832599726,0.6359902024269104,0.0075750333270735,0.3767086068789164,0.0263407570114836,0.3864234487215678,0.038140015583157,0.3796296219031016,0.0349529380775313,0.6053269306818644,0.0103657906118818
sagn,addneuromed,variance,0.5,OmicsReadOut,0.6097900867462158,0.0131560027527489,0.6237456599871317,0.009771244879902,0.6361502408981323,0.004065832910209,0.7670344710350037,0.0099816672549248,0.5347759127616882,0.0495557757268173,0.549413283665975,0.0429520961133966,0.555555542310079,0.0367465297164701,0.7569729884465536,0.0189114097405944
sagn,addneuromed,variance,0.8,NoReadOut,0.4864998658498128,0.0298014865358877,0.4971727232138316,0.0343633949715615,0.4976525902748108,0.0412638549992189,0.628353993097941,0.0126347033888529,0.3267604013284047,0.0175625868275779,0.3340791463851928,0.0080938984402976,0.3379629552364349,0.0160374979183902,0.5672382513682047,0.0014651231593339
sagn,addneuromed,variance,0.8,OmicsReadOut,0.6048586567242941,0.0291872711983349,0.6136561433474222,0.0246565426757074,0.6150234738985697,0.0215144565531089,0.7478576302528381,0.014796655858998,0.5527404546737671,0.0618494815735285,0.5554684400558472,0.0580354149948993,0.5555555621782938,0.0605402577869704,0.7460562586784363,0.0508798895245494
sagn,addneuromed,variance,1.0,NoReadOut,0.4964131812254588,0.014223343092397,0.5082252224286398,0.0151175614487945,0.5164319276809692,0.0146596263015272,0.6406023303667704,0.0067896924273293,0.3195842107137044,0.0165166372359932,0.3353355725606282,0.0185401778873545,0.3333333333333333,0.0138888806104686,0.5700502991676331,0.0077719736504418
sagn,addneuromed,variance,1.0,OmicsReadOut,0.6132962505022684,0.0038658278615451,0.6226647098859152,0.0045076821829622,0.6197183132171631,0.0070422291755676,0.7542638580004374,0.0046310988969974,0.5451932152112325,0.025368710605429,0.5542085965474447,0.0260084650377863,0.5462962985038757,0.0289120176957484,0.7612482905387878,0.0072498474729601
GATv4,motrpac,correlation,0.3,NoReadOut,0.6006691654523214,0.0181453136587599,0.6121589144070944,0.0200440568689949,0.6256410280863444,0.0193585644698254,0.5973209341367086,0.0306457282577041,0.5787404775619507,0.0392712100967808,0.5898443659146627,0.0428058775572546,0.5920398235321045,0.0479783559526505,0.583638588587443,0.059758132404165
GATv4,motrpac,correlation,0.3,OmicsReadOut,0.6123950680096945,0.0302382959296107,0.6254452466964722,0.0300278414686162,0.6282051205635071,0.032025628852141,0.6137180328369141,0.0347035409047621,0.5227777361869812,0.0278978293792615,0.5315562685330709,0.0331278230884329,0.5323383212089539,0.034468678437296,0.5348748167355856,0.0456926259032199
GATv4,motrpac,correlation,0.5,NoReadOut,0.6291168133417765,0.0292812685130898,0.6446559230486552,0.0297497446317171,0.6487179398536682,0.032025628852141,0.6201094587643942,0.0154282978573646,0.5316785077253977,0.0604357839182209,0.5502937833468119,0.0509000950387921,0.5621890425682068,0.0375613655852747,0.6016483704249064,0.0322078702852216
GATv4,motrpac,correlation,0.5,OmicsReadOut,0.5980757673581442,0.0189344982342724,0.6174042820930481,0.0204437086383307,0.628205140431722,0.0222057610542699,0.6210896174112955,0.0041752474229682,0.5285693009694418,0.0500682726780068,0.5438493291536967,0.0503000896806713,0.5472636818885803,0.0524161752014883,0.5404456456502279,0.0514581937631633
GATv4,motrpac,correlation,0.8,NoReadOut,0.639326294263204,0.0057030442625185,0.6519065697987875,0.0080504081428424,0.6538461645444235,0.0133234497500104,0.6420811613400778,0.0119450433206401,0.5984681844711304,0.0442963971623203,0.6067274212837219,0.0379309637023927,0.606965184211731,0.034468678437296,0.6495726505915324,0.0306788104650992
GATv4,motrpac,correlation,0.8,OmicsReadOut,0.6203256249427795,0.0205890921012551,0.6355516115824381,0.0212446826359578,0.6410256425539652,0.0193585644698254,0.636649509270986,0.0041082130547949,0.5102052092552185,0.0458995638884779,0.5214401880900065,0.0511545308482321,0.5223880708217621,0.0538142028292514,0.5247252782185873,0.0668686408928979
GATv4,motrpac,correlation,1.0,NoReadOut,0.6414427359898885,0.0377848620347548,0.659760057926178,0.0335182086746766,0.6692307790120443,0.0277350246894805,0.654496451218923,0.0329910437374678,0.574674924214681,0.0347466096839729,0.5905337731043497,0.0357884773250384,0.5970149437586466,0.0394888263788913,0.6269841194152832,0.0177885151121228
GATv4,motrpac,correlation,1.0,OmicsReadOut,0.621194581190745,0.0179307358553344,0.638269325097402,0.0229598662338732,0.6538461446762085,0.0266469339127785,0.6456751028696696,0.0172451667054656,0.5767625371615092,0.0404566585702493,0.5922356049219767,0.0413359634123194,0.6019900639851888,0.0455977625762715,0.6071428656578064,0.0398851731495949
GATv4,motrpac,distance_correlation,0.3,NoReadOut,0.6108089486757914,0.0321281345885162,0.6246668696403503,0.0336842579829254,0.6410256425539652,0.0222057610542699,0.6159437894821167,0.0171620353430276,0.5377846161524454,0.0434787819431054,0.553096334139506,0.0388870133560969,0.5572139422098795,0.0344686440245384,0.5708180665969849,0.0023045713655934
GATv4,motrpac,distance_correlation,0.3,OmicsReadOut,0.6013798912366232,0.0194330169334806,0.6233935753504435,0.0235985488525362,0.6410256425539652,0.0379452404560657,0.6233357985814413,0.0327458978328722,0.5629354317982992,0.0167471130506541,0.5759058594703674,0.025438346217011,0.5820895632108053,0.0394888263788913,0.5860805908838908,0.019187124859678
GATv4,motrpac,distance_correlation,0.5,NoReadOut,0.6192944049835205,0.0121697687313015,0.6332324544588724,0.0163299485799228,0.6435897548993429,0.0247273019890006,0.6129217147827148,0.0203667253266918,0.5306827127933502,0.0750957470696051,0.5443227887153625,0.0672850859356801,0.5472637017567953,0.0603201860362416,0.5897435744603475,0.050065721053416
GATv4,motrpac,distance_correlation,0.5,OmicsReadOut,0.6218860348065695,0.0256353248491641,0.6394325097401937,0.0284058316557296,0.6487179597218832,0.0346865190713408,0.6222331126530966,0.0452055584353594,0.562869926293691,0.0396779925137581,0.5730783740679423,0.0413031338208827,0.5721392830212911,0.0430858394434306,0.5931013623873392,0.0355652526858719
GATv4,motrpac,distance_correlation,0.8,NoReadOut,0.6250515381495158,0.0089240797441011,0.641354481379191,0.0103665330823186,0.6461538473765055,0.0133234497500103,0.6255002816518148,0.0025029642561282,0.5450543165206909,0.0628579748929746,0.5629063844680786,0.0563929672862658,0.572139322757721,0.0479783559526505,0.6092795928319296,0.0370435754045837
GATv4,motrpac,distance_correlation,0.8,OmicsReadOut,0.6290673414866129,0.035446411776899,0.6413237849871317,0.0348732318850249,0.6487179597218832,0.0222057954670276,0.6642979582150778,0.0042512188321364,0.5181586444377899,0.0656326569044733,0.5277519424756368,0.0632772405604884,0.5273631711800894,0.0621392770489076,0.5457875529925028,0.0498559469417581
GATv4,motrpac,distance_correlation,1.0,NoReadOut,0.624519924322764,0.0057402761344227,0.637881875038147,0.0103015270357427,0.6435897548993429,0.0117501803824697,0.6366903384526571,0.0143600200984021,0.5885106126467387,0.0527062908028,0.5999054511388143,0.0552577035392448,0.6019900441169739,0.0603201614556998,0.6132478713989258,0.0569044175983716
GATv4,motrpac,distance_correlation,1.0,OmicsReadOut,0.6481867035230001,0.019094744789,0.6608103315035502,0.0193661116833871,0.664102574189504,0.0222057954670276,0.6618475715319315,0.0449990065331779,0.5333442687988281,0.0240732230461707,0.5436563491821289,0.0230510247038605,0.5422885616620382,0.022798891043246,0.5772283474604288,0.0132494495429824
GATv4,motrpac,random,0.3,NoReadOut,0.5300284226735433,0.0213290279634471,0.5646949211756388,0.0210316762573914,0.6153846383094788,0.0153846144676208,0.5387976765632629,0.0330815381900366,0.5307664275169373,0.0718836792436796,0.563771645228068,0.0663990726238066,0.6169154246648153,0.0565065376630664,0.5618131856123606,0.0609799925421968
GATv4,motrpac,random,0.3,OmicsReadOut,0.6034321983655294,0.043596951636841,0.6217878858248392,0.0382595284936713,0.6435897350311279,0.017764622608519,0.6111655831336975,0.023993235792059,0.538620114326477,0.06846544037585,0.551470935344696,0.0744727170455111,0.5572139322757721,0.0848692676539333,0.5606684684753418,0.0285585378865801
GATv4,motrpac,random,0.5,NoReadOut,0.5698433717091879,0.0510948864162877,0.5800326267878214,0.0510131694854831,0.6153846184412638,0.0230769217014376,0.5772278110186259,0.0441077393300077,0.470282902320226,0.0668987578689069,0.4778705934683482,0.0705459257573665,0.4875621894995371,0.0603201884942958,0.5143467585245768,0.0426029025638444
GATv4,motrpac,random,0.5,OmicsReadOut,0.5793083310127258,0.047425679974856,0.6009832421938578,0.0456733413354616,0.628205140431722,0.0291226156614931,0.6027934352556864,0.019971734767991,0.5666962663332621,0.0319583042667314,0.5813179810841879,0.0362058664591693,0.5870647033055624,0.0430858394434306,0.6089743574460348,0.0162787266186533
GATv4,motrpac,random,0.8,NoReadOut,0.5908021132151285,0.0287655602154774,0.6086944341659546,0.0251293515085077,0.6230769356091818,0.0076923072338296,0.5813934405644735,0.0108934272773572,0.493611991405487,0.048614725555568,0.5108706057071686,0.049305388806064,0.517412930727005,0.0524161879306884,0.4880952338377635,0.0631336940426709
GATv4,motrpac,random,0.8,OmicsReadOut,0.6068001588185629,0.0148828971906485,0.6234586636225382,0.0105185986430672,0.628205140431722,0.0044411728585086,0.6150453488032023,0.0247851504121389,0.5216878751913706,0.0508658895315555,0.5325587391853333,0.0454816779245993,0.5323383013407389,0.0430858394434306,0.5573870738347372,0.0408955739646702
GATv4,motrpac,random,1.0,NoReadOut,0.5405827760696411,0.146021968087364,0.5725842217604319,0.1142706916712509,0.6307692329088846,0.0352505931745942,0.5850690205891927,0.0320469091676822,0.4491258362929026,0.0706234497552001,0.4771748383839925,0.042874081052957,0.5273631811141968,0.0479783559526505,0.4758852322896321,0.0311534689079105
GATv4,motrpac,random,1.0,OmicsReadOut,0.6150987346967062,0.0360951173919691,0.6341855923334757,0.0353391185251937,0.6564102570215861,0.0160128191982699,0.6170873045921326,0.0203902082930313,0.5573824445406595,0.0226783609885822,0.5744504729906718,0.0195605853293992,0.5820895433425903,0.0149253606796264,0.6080586115519205,0.0238095659476096
GATv4,motrpac,variance,0.3,NoReadOut,0.4532266060511271,0.0752487536127185,0.4963203966617584,0.0490994182094407,0.5974358916282654,0.0088823113042595,0.5585640867551168,0.013959116068431,0.4349511663118998,0.0677906228153187,0.4741792976856231,0.0419961301610272,0.5621890425682068,0.0479783559526505,0.5157203674316406,0.0411230410843646
GATv4,motrpac,variance,0.3,OmicsReadOut,0.6106213728586832,0.0180041177789436,0.6278373599052429,0.0149371547741319,0.6358974377314249,0.0117502063960694,0.6446744998296102,0.0279370217083878,0.5968121886253357,0.080823609575531,0.6070207357406616,0.0760811855097813,0.606965164343516,0.0736251243814653,0.595695952574412,0.099476793433876
GATv4,motrpac,variance,0.5,NoReadOut,0.4580844640731811,0.0745748910869913,0.504817376534144,0.0563041432641601,0.6076923211415609,0.0133234841627681,0.5581148465474447,0.0412161725415155,0.417422205209732,0.0657693585598137,0.4612432519594828,0.048504608717095,0.5472636818885803,0.0310696397175113,0.4355921645959218,0.0172074308560466
GATv4,motrpac,variance,0.5,OmicsReadOut,0.6210356752077738,0.0186988580057692,0.6319807569185892,0.0156842506579425,0.6384615500768026,0.0203519206847506,0.6292779644330343,0.0222587404174295,0.5110146502653757,0.0363520569072074,0.5112385749816895,0.0398458291791791,0.5124378105004629,0.0375613794012214,0.5240384737650553,0.0749738785065373
GATv4,motrpac,variance,0.8,NoReadOut,0.4530187845230102,0.0719992363689606,0.492910236120224,0.0462172003941281,0.5974358916282654,0.0088823113042595,0.5513763030370077,0.0703590543131685,0.415040781100591,0.092334780007363,0.4360329310099284,0.1016992667980448,0.5024875601132711,0.1130131094374596,0.4313186804453532,0.0574099674077374
GATv4,motrpac,variance,0.8,OmicsReadOut,0.6378742257754008,0.0100277976353317,0.6493727763493856,0.0090971999509834,0.6487179398536682,0.0088823113042595,0.6434084971745809,0.0041759891248517,0.5446370045344034,0.0181773354247082,0.5532827377319336,0.0150733768290055,0.5522388219833374,0.0149253606796264,0.5609737435976664,0.0255040418772006
GATv4,motrpac,variance,1.0,NoReadOut,0.4753582676251729,0.0896377342415309,0.5015332996845245,0.0547658981963818,0.5974358916282654,0.0088823113042595,0.5330392916997274,0.0762526220673388,0.438905010620753,0.0729149772258122,0.4580022394657135,0.0575550375628175,0.517412930727005,0.0673022230164204,0.4438339273134867,0.0549857657639063
GATv4,motrpac,variance,1.0,OmicsReadOut,0.6208745439847311,0.0295055856081277,0.6318633556365967,0.0314693369745341,0.6307692329088846,0.0335299967119719,0.6280527512232462,0.0262450209379329,0.5667243599891663,0.0254799277346024,0.5742501219113668,0.0228563118967091,0.572139302889506,0.0227988650296352,0.5657814542452494,0.0127391883631718
chebnet,motrpac,correlation,0.3,NoReadOut,0.6355511347452799,0.0062036326538001,0.6477629343668619,0.0089185260362206,0.6487179597218832,0.0117502063960694,0.6275422970453898,0.0006483233936438,0.5401031573613485,0.0342454125200336,0.5582540432612101,0.0305807440447921,0.5671641826629639,0.0258514830184037,0.579365094502767,0.0052071737060038
chebnet,motrpac,correlation,0.3,OmicsReadOut,0.5793262322743734,0.0186236019745661,0.5970867474873861,0.0172624511751692,0.620512843132019,0.017764622608519,0.6064690152804056,0.0370979573976093,0.5600375533103943,0.0314258933067321,0.5762090086936951,0.0302707552909851,0.5820895632108053,0.0298507511615802,0.5589896241823832,0.0632143091960977
chebnet,motrpac,correlation,0.5,NoReadOut,0.6512033144632975,0.0092234449713993,0.6635865966478983,0.0088959731690688,0.6641025543212891,0.0088823113042595,0.6309727827707926,0.0006483233936438,0.536852220694224,0.0142730697989081,0.5546056032180786,0.0150122902471912,0.5621890624364217,0.0172343220122692,0.5610500574111938,0.005043554354902
chebnet,motrpac,correlation,0.5,OmicsReadOut,0.6030506491661072,0.0364521122620159,0.6257912119229635,0.0312817493546333,0.6435897548993429,0.0193585644698254,0.6238054037094116,0.0362661320844529,0.5586072206497192,0.0811775125677734,0.5767190257708231,0.0770433249795327,0.5870646834373474,0.0736250901459417,0.5740995009740194,0.0498171239968415
chebnet,motrpac,correlation,0.8,NoReadOut,0.6621075471242269,0.0018744703039943,0.67714923620224,0.0014225629539513,0.6820512811342875,0.0044411384457509,0.6495140194892883,0.0005101137979905,0.5277253190676371,0.0099906085789397,0.5469755927721659,0.012287866632363,0.5572139422098795,0.0172343220122692,0.5821123520533243,0.0045173652348892
chebnet,motrpac,correlation,0.8,OmicsReadOut,0.629888653755188,0.010223178227643,0.6451738476753235,0.0075110495920005,0.6512820521990458,0.0044411384457508,0.6315445502599081,0.0197561072547207,0.5750794808069865,0.0161752349811086,0.5862928430239359,0.011636777256565,0.5870646635691324,0.0086171610061346,0.606532355149587,0.0121947230050681
chebnet,motrpac,correlation,1.0,NoReadOut,0.6595858335494995,0.008127473470428,0.6737667719523112,0.0077728216947807,0.6769230763117472,0.0076923072338296,0.6517193714777628,0.0064568141040863,0.5365069309870402,0.0154972878199957,0.5505160888036092,0.0149902661495677,0.5522388219833374,0.0149253606796264,0.5491453210512797,0.0077883951140751
chebnet,motrpac,correlation,1.0,OmicsReadOut,0.6308856209119161,0.0204665231195664,0.6449951330820719,0.021100081093058,0.6589743693669637,0.0117501803824697,0.6415094534556071,0.007029672164517,0.555538018544515,0.0553118089429973,0.5612634619077047,0.0607796645353425,0.5621890425682068,0.0603201614556998,0.5835622946421305,0.058693409553246
chebnet,motrpac,distance_correlation,0.3,NoReadOut,0.623442530632019,0.0165308117010081,0.635830819606781,0.0189693934374275,0.6384615500768026,0.0203519432131888,0.6165972352027893,0.0102954943635941,0.5506479342778524,0.0210348091697107,0.5646655162175497,0.0181108464331929,0.5671641826629639,0.0149253606796264,0.6114163796106974,0.0013988553082406
chebnet,motrpac,distance_correlation,0.3,OmicsReadOut,0.6188409129778544,0.0334128508699011,0.6371179024378458,0.036430790676382,0.6487179398536682,0.0387170973603361,0.6087560455004374,0.0217937274219191,0.566387931505839,0.0310966301633228,0.5802037119865417,0.0378957181603357,0.5870646834373474,0.0455977560728757,0.5825701951980591,0.033660313937137
chebnet,motrpac,distance_correlation,0.5,NoReadOut,0.6232867240905762,0.0046633569240159,0.6329022248586019,0.0064496129308964,0.6307692329088846,0.0076923072338296,0.6160255074501038,0.0053740861160891,0.5631379087766012,0.029831920977099,0.5759374499320984,0.0299540376674754,0.5771144429842631,0.0310696492618843,0.6022588610649109,0.0256791387658056
chebnet,motrpac,distance_correlation,0.5,OmicsReadOut,0.6006646354993185,0.0235284039880902,0.6213424404462179,0.0113668484867447,0.6384615500768026,0.0076923072338296,0.6174957156181335,0.0377779919369021,0.5356007019678751,0.0297323836490503,0.5520904461542765,0.0354996916491698,0.5671641826629639,0.0447761416435241,0.5561660528182983,0.0126337801308754
chebnet,motrpac,distance_correlation,0.8,NoReadOut,0.6386932531992594,0.0111448200760336,0.6551883419354757,0.0068974014840828,0.6615384817123413,0.0,0.6393857598304749,0.0019806188957222,0.5418533682823181,0.0298322885866194,0.5591297149658203,0.0274795225224429,0.5671641826629639,0.0258514830184037,0.5729548335075378,0.0032160325477486
chebnet,motrpac,distance_correlation,0.8,OmicsReadOut,0.60664830605189,0.0241546449676716,0.6206380327542623,0.0221936398993531,0.6333333452542623,0.0117502063960694,0.616842250029246,0.0083684560669214,0.5903222759564718,0.0171745891202176,0.6012807289759318,0.0198008013370834,0.6019900441169739,0.0227988975466376,0.603174606959025,0.0132494193320971
chebnet,motrpac,distance_correlation,1.0,NoReadOut,0.6256283720334371,0.0084424998908161,0.6436838706334432,0.0094246822480866,0.6512820521990458,0.0117502063960694,0.6333415110905966,0.0033268494546746,0.5788885752360026,0.0328233012530979,0.5967130263646444,0.0326743628377462,0.606965184211731,0.034468678437296,0.6022588411966959,0.0087036711775917
chebnet,motrpac,distance_correlation,1.0,OmicsReadOut,0.6124173204104105,0.0442790909590787,0.6303593715031942,0.0455992131309109,0.6410256425539652,0.0463670279100905,0.5945438146591187,0.0312366430709822,0.496018648147583,0.050375685655572,0.508193701505661,0.0517545214563761,0.5074626902739207,0.053814198696411,0.5065628886222839,0.0178884459560089
chebnet,motrpac,random,0.3,NoReadOut,0.6342593431472778,0.0106755285353747,0.6393792629241943,0.0139412298049663,0.6384615302085876,0.0153846144676208,0.6501674254735311,0.0146456900262016,0.5858950614929199,0.0251889447687945,0.5937375823656718,0.0232366556200034,0.5920398036638895,0.022798891043246,0.6275946696599325,0.0088942902861025
chebnet,motrpac,random,0.3,OmicsReadOut,0.5853471954663595,0.0106596452296122,0.6015238364537557,0.005784838264783,0.6128205060958862,0.0088823113042595,0.6128399968147278,0.0064226260795597,0.6034470001856486,0.0225731438779861,0.6127586762110392,0.0242960597657748,0.6119403044382731,0.0258515174311614,0.598366936047872,0.0229444874167089
chebnet,motrpac,random,0.5,NoReadOut,0.6198310454686483,0.0274233578460967,0.6295524636904398,0.0306612179272373,0.6333333253860474,0.0235003867785284,0.6492689649264017,0.0252380959398901,0.5472932060559591,0.0136658563307299,0.5576239824295044,0.0152492787011946,0.5572139422098795,0.0172343220122691,0.6193528771400452,0.020174249886481
chebnet,motrpac,random,0.5,OmicsReadOut,0.5929766893386841,0.0095898059790043,0.6109642585118612,0.0062452799739423,0.6179487307866415,0.0117502063960694,0.6007514397303263,0.019034792481094,0.5521967609723409,0.0566069588246794,0.5622431039810181,0.0655525494853462,0.5671641826629639,0.078977641493565,0.5543345709641775,0.0746734837447568
chebnet,motrpac,random,0.8,NoReadOut,0.6192138393719991,0.0113758529853292,0.6231692433357239,0.0118231023990516,0.6256410479545593,0.0088823113042595,0.6417544682820638,0.0284802965562133,0.5883305072784424,0.0093990188612154,0.5947282314300537,0.0086630332121567,0.5920397837956747,0.0086171610061345,0.5995115836461385,0.0082077670965693
chebnet,motrpac,random,0.8,OmicsReadOut,0.6057310700416565,0.0130358454725446,0.6218105951944987,0.011665566246253,0.628205140431722,0.0117501803824697,0.6064281662305196,0.012522321927587,0.5715738534927368,0.0209327987339663,0.5849111676216125,0.0190366213716067,0.5870646635691324,0.0172343220122692,0.6043956081072489,0.01200995086183
chebnet,motrpac,random,1.0,NoReadOut,0.635745624701182,0.0163787650860206,0.6559621294339498,0.0142689169261219,0.6692307790120443,0.0133234497500104,0.6685452461242676,0.0045601315452225,0.5131629308064779,0.0458022109554576,0.5384036103884379,0.0406226920245578,0.5621890624364217,0.0310696158565471,0.5888278484344482,0.0156483750157013
chebnet,motrpac,random,1.0,OmicsReadOut,0.6001749237378439,0.0300642557806284,0.6177393794059753,0.029629088632197,0.6358974377314249,0.0160128096538882,0.6006697416305542,0.021346881687795,0.4841552674770355,0.0585857506822299,0.5008177558581034,0.0485909940587031,0.5074626902739207,0.0394888376431104,0.4604700704415639,0.1085564156985404
chebnet,motrpac,variance,0.3,NoReadOut,0.6524636546770731,0.0089899426958262,0.6672194997469584,0.0090249745570998,0.6769230763117472,0.0076923072338296,0.6573552290598551,0.0093189386617128,0.5398995478947958,0.0155166694976721,0.5597612063090006,0.0173819802362493,0.572139302889506,0.0227988650296352,0.571733832359314,0.0034669649976852
chebnet,motrpac,variance,0.3,OmicsReadOut,0.6288902958234152,0.0207783560429648,0.6506820519765218,0.019429579827652,0.6666666666666666,0.0193585328905131,0.6530057986577352,0.0138044881039025,0.588330070177714,0.0836290500680199,0.6076093912124634,0.07879477271472,0.6218905448913574,0.0736250901459417,0.5840201377868652,0.0606762755241276
chebnet,motrpac,variance,0.5,NoReadOut,0.6144298911094666,0.0197603593406414,0.629012942314148,0.0195727611702497,0.6358974377314249,0.0160128096538882,0.6068773667017618,0.0140877562395947,0.5557100772857666,0.0267906958411496,0.576439380645752,0.0245630634320595,0.5920398036638895,0.022798891043246,0.5778388182322184,0.0066036146993951
chebnet,motrpac,variance,0.5,OmicsReadOut,0.6695298353830973,0.0101901795237885,0.6827911138534546,0.003966193816677,0.6871794859568278,0.0044411728585085,0.6778567433357239,0.020422560154479,0.5554282665252686,0.0508263583805235,0.5668886105219523,0.0514433475751415,0.5671641826629639,0.0538142110949284,0.5637973149617513,0.0292515406497252
chebnet,motrpac,variance,0.8,NoReadOut,0.5795485377311707,0.0081406524810306,0.5970442295074463,0.0076623809417141,0.620512843132019,0.0088823113042595,0.6108797192573547,0.011485480606079,0.5534119407335917,0.039409142451527,0.5719696283340454,0.0386129227642279,0.5820895632108053,0.0394888151146803,0.5839438239733378,0.0215995790544445
chebnet,motrpac,variance,0.8,OmicsReadOut,0.6255574623743693,0.0181587338846039,0.642742375532786,0.0175836365081872,0.6487179398536682,0.017764622608519,0.6285224159558614,0.0045381366271228,0.5375749468803406,0.0362049991011425,0.5482112963994344,0.0343789692458957,0.5472636818885803,0.034468678437296,0.5594475070635477,0.0566751117540051
chebnet,motrpac,variance,1.0,NoReadOut,0.5499079624811808,0.0050149082240969,0.5865289370218912,0.0032216998082871,0.6487179597218832,0.0044411384457509,0.5630156000455221,0.003235388842935,0.5840006868044535,0.000129701683794,0.6115235884984335,0.0018870579815675,0.6517412861188253,0.0086171610061345,0.600122074286143,0.0144889700391364
chebnet,motrpac,variance,1.0,OmicsReadOut,0.6184476216634115,0.0086114549042337,0.6323515772819519,0.0085565325230628,0.6358974377314249,0.0044411384457509,0.6301560004552206,0.0099363401813416,0.5364598631858826,0.0237991074785217,0.5504288077354431,0.0243314631109531,0.5522388021151224,0.0258515174311614,0.5335012078285217,0.0186613258517491
gatv2,motrpac,correlation,0.3,NoReadOut,0.6298089424769083,0.015287550178906,0.6438418030738831,0.0146909394495715,0.6461538672447205,0.0153846144676208,0.6266438166300455,0.0122722840838731,0.5382397572199503,0.036038061212056,0.5533363819122314,0.0347594158463553,0.5572139422098795,0.0344686440245383,0.5512820482254028,0.0257877683363136
gatv2,motrpac,correlation,0.3,OmicsReadOut,0.6013472477595011,0.0133984374821843,0.6239518721898397,0.0148702527705032,0.6487179597218832,0.027014509335555,0.6405496795972189,0.0197708299618644,0.5683683156967163,0.0145953894818929,0.5841258565584818,0.0192561827211118,0.5920398036638895,0.0310696492618842,0.5143467783927917,0.0138679072217605
gatv2,motrpac,correlation,0.5,NoReadOut,0.6396251519521078,0.0067643094698564,0.6527588367462158,0.0069051052345231,0.6538461645444235,0.0076923072338296,0.6292575399080912,0.0096999055639474,0.5578895211219788,0.0159369551840643,0.5748639305432638,0.0152520180271906,0.5820895433425903,0.0149253606796264,0.5753967960675558,0.0109252518422503
gatv2,motrpac,correlation,0.5,OmicsReadOut,0.5977306962013245,0.052001153141688,0.6147580742835999,0.049967900084359,0.6384615500768026,0.0277350246894805,0.6033651828765869,0.0343624352751256,0.5619481205940247,0.0425179872280566,0.577361007531484,0.0406094981359354,0.5820895632108053,0.0394888263788913,0.5625762939453125,0.0287308637863636
gatv2,motrpac,correlation,0.8,NoReadOut,0.6605370243390402,0.0021292515172886,0.6762828628222147,0.0027485773999824,0.6820512811342875,0.0044411384457509,0.6456750830014547,0.0046686239806617,0.5701516071955363,0.0261380792957883,0.5877049763997396,0.0252618273080171,0.5970149437586466,0.0258515174311615,0.5998168389002482,0.0270263105092091
gatv2,motrpac,correlation,0.8,OmicsReadOut,0.6252707044283549,0.0298568766010492,0.642329474290212,0.0269459426737883,0.6564102570215861,0.0117501803824697,0.6380789081255595,0.0055391509348422,0.5620481173197428,0.0336350212656807,0.5664852261543274,0.0310007226473508,0.5671641826629639,0.0298507213592529,0.5747863252957662,0.0449402569243239
gatv2,motrpac,correlation,1.0,NoReadOut,0.646989643573761,0.0123147441941935,0.6623636881510416,0.0117795541041529,0.6666666666666666,0.0117502063960694,0.649350663026174,0.0053066345824111,0.5322909951210022,0.0218456244257485,0.5480272769927979,0.0187458990613321,0.5522388219833374,0.0149253606796264,0.5601342916488647,0.0139883059532281
gatv2,motrpac,correlation,1.0,OmicsReadOut,0.634955624739329,0.0013235499129538,0.6499969959259033,0.0026093089275795,0.6538461645444235,0.0076923072338296,0.6392224232355753,0.012374663161125,0.5467324058214823,0.0241225786267435,0.5553767085075378,0.0311830022841366,0.5572139223416647,0.0310696492618843,0.6077533562978109,0.0118104664977611
gatv2,motrpac,distance_correlation,0.3,NoReadOut,0.6316094398498535,0.0103426698043185,0.6461089452107748,0.0089053940953998,0.6487179398536682,0.0088823113042595,0.6308094461758932,0.0056641894096236,0.5347482363382975,0.0185721057345254,0.5514236887296041,0.0196443235380531,0.5572139422098795,0.0227988650296352,0.6355310877164205,0.0393133535039505
gatv2,motrpac,distance_correlation,0.3,OmicsReadOut,0.6018188794453939,0.0152739437553639,0.6167208353678385,0.0119334021582055,0.6333333452542623,0.0193585328905131,0.612962524096171,0.0016021290448019,0.5298020243644714,0.0273262873020928,0.5392617980639139,0.0401346888145956,0.5472636818885803,0.0565065717743932,0.5399114787578583,0.0444872233557083
gatv2,motrpac,distance_correlation,0.5,NoReadOut,0.6249481638272604,0.0109722571587374,0.637945294380188,0.0088751624773243,0.6410256425539652,0.0044411728585085,0.6278689702351888,0.0013933681841858,0.5384378830591837,0.0284636849942065,0.5536048611005148,0.0255298474707045,0.5572139422098795,0.0227988650296352,0.6071428457895914,0.0104009291043711
gatv2,motrpac,distance_correlation,0.5,OmicsReadOut,0.6121664444605509,0.0075335809289703,0.6255221168200175,0.0009835547039327,0.6358974575996399,0.0088823113042595,0.6276239554087321,0.0102340960213112,0.5242924094200134,0.0420608308232348,0.5330198407173157,0.0453157639484675,0.5323383112748464,0.0479783729496137,0.560897429784139,0.0244995601894403
gatv2,motrpac,distance_correlation,0.8,NoReadOut,0.6355931560198466,0.0181329625974987,0.6496946016947428,0.0237718764262277,0.6538461645444235,0.0335299967119719,0.6397942304611206,0.0046557188034057,0.5694583257039388,0.047286604776605,0.5867399573326111,0.0396030274742771,0.5970149437586466,0.0258515174311615,0.5894383589426676,0.0087994969078095
gatv2,motrpac,distance_correlation,0.8,OmicsReadOut,0.6241369843482971,0.0290924708092397,0.6393978595733643,0.0254553485246612,0.6512820521990458,0.0193585328905131,0.6275422970453898,0.0142438866152483,0.5439977447191874,0.0359332728210261,0.5565947691599528,0.036299070505198,0.5572139223416647,0.0375613616378637,0.5604395667711893,0.0247252881527007
gatv2,motrpac,distance_correlation,1.0,NoReadOut,0.6250211795171102,0.0113614826342148,0.6422893404960632,0.0083737767112676,0.6487179597218832,0.0044411384457508,0.6347300410270691,0.0037510476441385,0.572326640288035,0.0316587086348743,0.5886387228965759,0.0253892028715291,0.5970149238904318,0.0149253904819587,0.5876068472862244,0.002304595049753
gatv2,motrpac,distance_correlation,1.0,OmicsReadOut,0.6239188313484192,0.0064903278558575,0.6429008642832438,0.0120207934514543,0.6538461645444235,0.0230769217014376,0.6238667170206705,0.0115869807065521,0.5681774814923605,0.0221374379429318,0.584744373957316,0.0217752052614595,0.5920398036638895,0.022798891043246,0.5876068472862244,0.0110777171604239
gatv2,motrpac,random,0.3,NoReadOut,0.6100380619366964,0.018000591368894,0.61744225025177,0.0152422227342727,0.6307692329088846,0.0076923072338296,0.6250919103622437,0.0200826561659065,0.5709357460339864,0.0154106708773704,0.5798953572909037,0.0069417798308139,0.5820895433425903,0.0,0.5784493287404379,0.0226235612290322
gatv2,motrpac,random,0.3,OmicsReadOut,0.5971563657124838,0.0226677721534973,0.6182193557421366,0.0198288942773247,0.6333333452542623,0.0160128096538882,0.596299926439921,0.0370066122474629,0.5771133303642273,0.061304926411278,0.5929621060689291,0.0637089615439638,0.6019900441169739,0.0705345699942363,0.6071428457895914,0.0324025866601732
gatv2,motrpac,random,0.5,NoReadOut,0.6246277292569479,0.00348141913939,0.6333443323771158,0.0073675060740918,0.6410256624221802,0.0088823113042595,0.6326063871383667,0.0100505261266477,0.5226408640543619,0.0549522242519309,0.5361896057923635,0.0441749389649901,0.5422885616620382,0.0310696492618842,0.5491453011830648,0.0259067400750645
gatv2,motrpac,random,0.5,OmicsReadOut,0.6029335260391235,0.0366553575757828,0.6177134911219279,0.0343893479939727,0.6307692329088846,0.0277350246894805,0.6362411181131998,0.0015642387969339,0.5774471759796143,0.0664035381280284,0.5892720222473145,0.0567877506885732,0.5970149238904318,0.0447761118412051,0.6022588213284811,0.0095314252279877
gatv2,motrpac,random,0.8,NoReadOut,0.6442080537478129,0.0128569053499437,0.6538084944089254,0.0158763129678908,0.6564102570215861,0.0193585644698254,0.6571510434150696,0.0075687591363004,0.5327326059341431,0.0229958439159152,0.5371612707773844,0.0282179454625378,0.537313441435496,0.0258515174311615,0.5312881668408712,0.0377805220460339
gatv2,motrpac,random,0.8,OmicsReadOut,0.5992884834607443,0.0303915668301286,0.6205759445826212,0.0294730555750626,0.6358974377314249,0.0379452605946089,0.6216614047686259,0.0240474576212244,0.5461541016896566,0.0274546066494991,0.5624104738235474,0.0194004058816794,0.572139302889506,0.0172343220122692,0.5705128312110901,0.0143922123316436
gatv2,motrpac,random,1.0,NoReadOut,0.6052872935930887,0.0015001794874369,0.6174222230911255,0.0069447633914897,0.6333333253860474,0.0088823113042595,0.6342399716377258,0.0052859104691923,0.5451528032620748,0.0177178646329908,0.5627337296803793,0.0128050422243924,0.572139302889506,0.0086171610061345,0.5616605281829834,0.0129937994813634
gatv2,motrpac,random,1.0,OmicsReadOut,0.6279526750246683,0.0347883712627673,0.6482416192690531,0.0328624091061772,0.6615384618441263,0.0335299830377285,0.6037327448527018,0.0362673360419089,0.5825409690539042,0.0425663532438373,0.599032998085022,0.0389762242099845,0.606965184211731,0.034468678437296,0.5605922142664591,0.0525906240247253
gatv2,motrpac,variance,0.3,NoReadOut,0.6529139081637064,0.031874656700671,0.6676980257034302,0.0306071751028814,0.6717948714892069,0.031088092022967,0.6567835013071696,0.0044938211332701,0.5515080889066061,0.0236061249196399,0.5720427632331848,0.0221450037060233,0.5870646834373474,0.0227988975466376,0.6053113341331482,0.0278514628783246
gatv2,motrpac,variance,0.3,OmicsReadOut,0.629716157913208,0.0209201331961525,0.650031050046285,0.0251627393507271,0.6666666666666666,0.0379452605946088,0.6052438219388326,0.0160850316661712,0.5824819207191467,0.0351170790148972,0.5967428684234619,0.0291762220400581,0.6019900441169739,0.0227988975466376,0.6062270998954773,0.0301364310129217
gatv2,motrpac,variance,0.5,NoReadOut,0.6063136657079061,0.0490814759834968,0.6253445744514465,0.0491885642862716,0.6461538473765055,0.0352505671609946,0.6091644366582235,0.0144821157764789,0.6041594942410787,0.0060217836749683,0.6174392302831014,0.0051063406593023,0.6218905647595724,0.0086171610061346,0.6285103956858317,0.0326902911830758
gatv2,motrpac,variance,0.5,OmicsReadOut,0.6411834160486857,0.0093143398118939,0.6602721412976583,0.0052110523885493,0.6743589838345846,0.0044411728585085,0.6347300211588541,0.0041680591646739,0.5444981455802917,0.0450356732623503,0.5605002442995707,0.0379649184648925,0.5671641826629639,0.0298507213592529,0.6022588809331259,0.0197754350030218
gatv2,motrpac,variance,0.8,NoReadOut,0.6152989069620768,0.0245668357561867,0.6355159878730774,0.0239752537673172,0.6564102570215861,0.0160128191982699,0.6170056263605753,0.0191882014900567,0.5929733117421468,0.0287005817017971,0.6106715003649393,0.0259641689772596,0.6218905448913574,0.0227988975466376,0.6135531266530355,0.0222811605037333
gatv2,motrpac,variance,0.8,OmicsReadOut,0.6276560227076212,0.0282737105729291,0.6428683002789816,0.0266153299491234,0.6512820521990458,0.0193585328905131,0.641121486822764,0.0096269737447743,0.5282023946444193,0.0190696179349171,0.5346457560857137,0.0228694010642846,0.5323383212089539,0.0227988975466376,0.5441850026448568,0.0333676129750117
gatv2,motrpac,variance,1.0,NoReadOut,0.6010357737541199,0.023500807459935,0.6166170636812845,0.0252515023897044,0.6307692527770996,0.0153846144676208,0.6064689755439758,0.0251912638862687,0.5604315797487894,0.0446119305871698,0.5790491700172424,0.0491652704877317,0.5920398036638895,0.0603201958684575,0.5570818185806274,0.0369756164127444
gatv2,motrpac,variance,1.0,OmicsReadOut,0.6159613927205404,0.0103791265365715,0.6260345776875814,0.0113187485465413,0.6358974377314249,0.0117502063960694,0.6279915372530619,0.0161103688542534,0.4989230533440907,0.0249829206737245,0.5062282681465149,0.0279349647447024,0.5074627002080282,0.0258515174311614,0.5448717872301737,0.0504224757536474
gcn,motrpac,correlation,0.3,NoReadOut,0.6340018312136332,0.0075524400711613,0.6449053684870402,0.0081714450351136,0.6435897350311279,0.0088823113042595,0.6380789081255595,0.0074162196387624,0.5282966097195944,0.0318996355780234,0.5435773928960165,0.0338738055864071,0.5472636818885803,0.0375613655852747,0.521672785282135,0.036884798962156
gcn,motrpac,correlation,0.3,OmicsReadOut,0.5967245300610861,0.0251738339195004,0.6106396317481995,0.0189448001509697,0.6256410280863444,0.0117501803824697,0.6180674831072489,0.009560690257469,0.5734023451805115,0.0319228890516729,0.5854349533716837,0.0273074076487198,0.5870646834373474,0.0227988975466376,0.5653235713640848,0.0480275056747626
gcn,motrpac,correlation,0.5,NoReadOut,0.6496984561284384,0.0071580310156266,0.6675833463668823,0.0088471216693804,0.6769230763117472,0.0133234497500103,0.6335865259170532,0.0009902910129837,0.540987491607666,0.0,0.5589839220046997,0.0,0.5671641826629639,0.0,0.5781440933545431,0.0154415532599124
gcn,motrpac,correlation,0.5,OmicsReadOut,0.6062672336896261,0.0429022649331601,0.6166665951410929,0.0426723958740338,0.6230769356091818,0.0335299967119719,0.5920934279759725,0.0227955495374672,0.5098729133605957,0.024485419594775,0.5151288906733195,0.022775502458041,0.5124378204345703,0.0227988975466376,0.5396825472513834,0.0311475771443723
gcn,motrpac,correlation,0.8,NoReadOut,0.6628929376602173,0.0,0.678691029548645,0.0,0.6846153736114502,0.0,0.6528628667195638,0.000748593357482,0.529455840587616,0.0184401472262715,0.5497801701227824,0.0194247321373722,0.5621890624364217,0.0227988650296352,0.5735653440157572,0.0152227869660448
gcn,motrpac,correlation,0.8,OmicsReadOut,0.6247213085492452,0.0206793105586755,0.6351581414540609,0.0213556671781633,0.6358974377314249,0.0247273143504281,0.6240708827972412,0.0164897892821575,0.5280425747235616,0.0167255280387828,0.5353534619013468,0.0170688421910784,0.5323383013407389,0.0172343564250268,0.5744810700416565,0.0053658078303993
gcn,motrpac,correlation,1.0,NoReadOut,0.6546728610992432,0.0204327832039606,0.6697912414868673,0.0217341021076956,0.6769230763117472,0.0203519432131888,0.6501674254735311,0.0022098452727621,0.5217852592468262,0.0160033134629204,0.5378649036089579,0.012625544036719,0.542288581530253,0.0086171610061345,0.5561660528182983,0.01041439632927
gcn,motrpac,correlation,1.0,OmicsReadOut,0.6208518346150717,0.033346629230729,0.6344233353932699,0.0241319505933916,0.6384615302085876,0.0153846144676208,0.6403659383455912,0.0081060572586009,0.544396162033081,0.0186860942247944,0.5546057025591532,0.0261716628435435,0.5572139422098795,0.0344686440245384,0.5949328343073527,0.0391244836656171
gcn,motrpac,distance_correlation,0.3,NoReadOut,0.6381881435712179,0.008293407694987,0.6520646810531616,0.0078042115524408,0.6538461645444235,0.0076923072338296,0.6235399842262268,0.0003743031836663,0.532771368821462,0.0156979696606333,0.5484201113382975,0.0151027866223599,0.5522388219833374,0.0149253606796264,0.633699635664622,0.011691506827795
gcn,motrpac,distance_correlation,0.3,OmicsReadOut,0.598862369855245,0.0272853050696101,0.6118244131406149,0.0211544877323058,0.6256410280863444,0.0222057610542699,0.6062852144241333,0.0171910604234333,0.5147639115651449,0.0443493055071352,0.5201898813247681,0.0459146879475125,0.517412930727005,0.0455977755830699,0.5118284225463867,0.0515614675312074
gcn,motrpac,distance_correlation,0.5,NoReadOut,0.6236976186434428,0.0055692719865236,0.6361736257870992,0.0047797066722907,0.6358974377314249,0.0044411384457509,0.6247651974360148,0.0026879895607157,0.5365069309870402,0.0154972878199957,0.5505160888036092,0.0149902661495677,0.5522388219833374,0.0149253606796264,0.6028693517049154,0.0287454324587054
gcn,motrpac,distance_correlation,0.5,OmicsReadOut,0.6027005910873413,0.0214231148018838,0.6253385345141093,0.0185386734249786,0.6435897548993429,0.0117501803824697,0.6254798769950867,0.0148157085489303,0.552487850189209,0.0305270128588151,0.5711853702863058,0.0281266233340366,0.5820895632108053,0.0258515174311615,0.5436508059501648,0.0114956591555937
gcn,motrpac,distance_correlation,0.8,NoReadOut,0.6322388052940369,0.0102102158376494,0.6496328314145406,0.0105177484735945,0.6564102570215861,0.0117501803824697,0.643878181775411,0.0016315064780071,0.5788035194079081,0.0229400057404196,0.5966779589653015,0.0223967622770532,0.606965184211731,0.0227988975466376,0.5998168587684631,0.0215347412854725
gcn,motrpac,distance_correlation,0.8,OmicsReadOut,0.5936815539995829,0.001424350971794,0.6059761047363281,0.0029759862718002,0.6256410479545593,0.0235003867785284,0.6141468286514282,0.0289438934842562,0.5527093410491943,0.0224629798674626,0.5626052021980286,0.0215434661682263,0.5621890624364217,0.0227988650296352,0.5938644607861837,0.0230171025033901
gcn,motrpac,distance_correlation,1.0,NoReadOut,0.6336909929911295,0.002710145414092,0.6494608124097189,0.0046134465053837,0.6538461645444235,0.0076923072338296,0.6310544808705648,0.0027102508210381,0.583033005396525,0.0131656552275449,0.5993496179580688,0.014173347429851,0.606965164343516,0.0172343564250268,0.6236263712247213,0.0081393800744428
gcn,motrpac,distance_correlation,1.0,OmicsReadOut,0.6150642434755961,0.0180451360768848,0.6324071884155273,0.0211202228149769,0.6487179597218832,0.0291225946699077,0.6163522203763326,0.0406381769079162,0.5567102630933126,0.0337534381419567,0.5671067635218302,0.028118137386285,0.5671641826629639,0.0258514830184037,0.5552503069241842,0.0126586829100859
gcn,motrpac,random,0.3,NoReadOut,0.6127976179122925,0.0088828274956251,0.6133532126744589,0.0088652639666491,0.628205140431722,0.0044411728585085,0.6197827458381653,0.0044670496981248,0.5735236008961996,0.0068482764345295,0.5797745585441589,0.0085744547738214,0.5771144231160482,0.0086171610061345,0.5931013425191244,0.0023045634705625
gcn,motrpac,random,0.3,OmicsReadOut,0.5992993116378784,0.0074196314507226,0.6114591558774313,0.0055697392474776,0.6128205060958862,0.0088823113042595,0.592256764570872,0.0025317333073969,0.5711629986763,0.0240919235459216,0.5815188686052958,0.0183106314606576,0.5820895433425903,0.0149253606796264,0.5960775216420492,0.0221541862275192
gcn,motrpac,random,0.5,NoReadOut,0.6030059258143107,0.0050639611658869,0.6071635484695435,0.0038562623891441,0.6230769356091818,0.0076923072338296,0.616025467713674,0.0020057209039007,0.5975836714108785,0.0121254186104705,0.603894054889679,0.0088145450776438,0.6019900441169739,0.0086171954188923,0.5750915805498759,0.0294752714731233
gcn,motrpac,random,0.5,OmicsReadOut,0.5919232567151388,0.0218773910778533,0.6090196569760641,0.0192360756915594,0.6230769356091818,0.0133234497500104,0.578452984491984,0.0220320582252584,0.602307915687561,0.0099985465085003,0.6134375929832458,0.0066860183509668,0.6169154445330302,0.0086171610061345,0.5689865748087565,0.006432070752972
gcn,motrpac,random,0.8,NoReadOut,0.6180193026860555,0.0039678887691466,0.6227276921272278,0.0047897531096498,0.6307692329088846,0.0076923072338296,0.6340766151746114,0.0212100596935352,0.54585067431132,0.0493142339211502,0.5546728571256002,0.0387794869220379,0.5572139223416647,0.0310696492618842,0.557692309220632,0.0171076482619831
gcn,motrpac,random,0.8,OmicsReadOut,0.6113308469454447,0.0015924983897639,0.6280653874079386,0.0053338392375669,0.6333333452542623,0.0117502063960694,0.616025467713674,0.0147776321528346,0.600154439608256,0.0100506979779696,0.612025519212087,0.0048655600841717,0.6169154445330302,0.0086171610061346,0.6297313968340555,0.0115955247508337
gcn,motrpac,random,1.0,NoReadOut,0.6113017598787943,0.0325828250851204,0.62162846326828,0.030686562102664,0.6333333253860474,0.017764622608519,0.6289308468500773,0.0154322587667266,0.5813037355740865,0.0229475648288822,0.59201713403066,0.0194140907217251,0.5920398036638895,0.0172343564250269,0.5781440933545431,0.0097918310761127
gcn,motrpac,random,1.0,OmicsReadOut,0.6110715468724569,0.0157221438633573,0.6287756164868673,0.0147736760149577,0.6435897548993429,0.0117501803824697,0.6290533542633057,0.0149985862242962,0.5588343540827433,0.0398910820678599,0.5733053882916769,0.0379708012872415,0.5771144429842631,0.0375613616378638,0.6138583421707153,0.0311399876947429
gcn,motrpac,variance,0.3,NoReadOut,0.6517958839734396,0.0098274046022868,0.6661054491996765,0.011105319996707,0.6692307790120443,0.0133234841627681,0.6467369198799133,0.0156063098104669,0.5722768306732178,0.0288552625743937,0.5907375812530518,0.0289233388698308,0.6019900639851888,0.0310696492618842,0.6120268503824869,0.0536815205478133
gcn,motrpac,variance,0.3,OmicsReadOut,0.6320260961850485,0.0066784939698727,0.6454580823580424,0.0092044102554952,0.6487179597218832,0.0117502063960694,0.6417136192321777,0.0094141154928432,0.5644832253456116,0.0258427285256191,0.5728657841682434,0.0201982514420359,0.572139302889506,0.0172343220122692,0.6056166291236877,0.0258094630713128
gcn,motrpac,variance,0.5,NoReadOut,0.6239609519640604,0.0515485167669444,0.6424329280853271,0.0493839459248241,0.6564102570215861,0.0423659103318623,0.6317079265912374,0.0283693983884212,0.614724596341451,0.0193697217263303,0.632928729057312,0.0198715301572221,0.6467661658922831,0.0227988650296352,0.6221001148223877,0.0408545407337208
gcn,motrpac,variance,0.5,OmicsReadOut,0.6579828461011251,0.0256483740100177,0.6755638718605042,0.0257020269176371,0.6846153934796652,0.0277350246894805,0.6661357680956522,0.0165585890428403,0.5762176513671875,0.0479410462898687,0.5931901931762695,0.045876292986362,0.6019900639851888,0.0455977625762715,0.5544108549753824,0.0725556732010564
gcn,motrpac,variance,0.8,NoReadOut,0.6169621745745341,0.0230145537001679,0.6380602518717448,0.0201292262037415,0.6538461645444235,0.0133234497500104,0.6047537326812744,0.0144821228360552,0.5718361536661783,0.0298604031385227,0.5904463330904642,0.0269989110386826,0.6019900441169739,0.0227988975466376,0.6050060788790385,0.0377166614490762
gcn,motrpac,variance,0.8,OmicsReadOut,0.6176050106684366,0.0098032630096561,0.6358890930811564,0.0096191535729776,0.6435897548993429,0.0117501803824697,0.6344033281008402,0.028776066681187,0.5607132116953532,0.0566533696477207,0.5706986983617147,0.0520529821236382,0.572139322757721,0.0479783559526505,0.5837148825327555,0.0343439542864915
gcn,motrpac,variance,1.0,NoReadOut,0.5885966221491495,0.0064714284834014,0.6142924427986145,0.0073483838285996,0.6435897548993429,0.0044411728585085,0.6035285393397013,0.0061844787482318,0.5136399666468302,0.031249823474102,0.5409997304280599,0.030995983399347,0.572139322757721,0.0375613655852747,0.577228327592214,0.0242688603164903
gcn,motrpac,variance,1.0,OmicsReadOut,0.6151433984438578,0.0102373793260525,0.6328060428301493,0.0106714782577257,0.6410256425539652,0.0160128191982699,0.6164338986078898,0.0118674953997893,0.5731012225151062,0.0766179413072852,0.5893898208936056,0.0775618997784548,0.5970149238904318,0.0831009555262737,0.563034176826477,0.052266707451235
gin,motrpac,correlation,0.3,NoReadOut,0.6405644218126932,0.0075702996139451,0.656559149424235,0.0072883342552475,0.6615384618441263,0.0076923072338296,0.639059046904246,0.0013643222040966,0.5244708259900411,0.0071721348973009,0.5415544311205546,0.0075930029240456,0.5472637017567953,0.0086171610061345,0.5418192744255066,0.0361731178177204
gin,motrpac,correlation,0.3,OmicsReadOut,0.6133922735850016,0.0193262805714093,0.6282432476679484,0.0190805809783334,0.6333333452542623,0.0193585328905131,0.6405701239903768,0.0108485308937932,0.5335707863171896,0.0110608425542122,0.5465489228566488,0.0093815488924816,0.5472637017567953,0.0086171610061345,0.5317460298538208,0.0133440478131671
gin,motrpac,correlation,0.5,NoReadOut,0.6568925579388937,0.0046889232901981,0.6687436501185099,0.0056299898656174,0.6692307790120443,0.0076923072338296,0.6348117589950562,0.0069839362549422,0.5200809439023336,0.0131351426038989,0.5369666218757629,0.0110945755894169,0.542288581530253,0.0086171610061345,0.5586080551147461,0.0100733041763305
gin,motrpac,correlation,0.5,OmicsReadOut,0.5906982024510702,0.0275905336367627,0.6035855809847513,0.0258957425413024,0.628205140431722,0.0044411728585086,0.6192926565806071,0.0280633403560948,0.5593141416708628,0.0662031101607358,0.5631640156110128,0.0664834305498436,0.5621890624364217,0.0673022384377769,0.5318986574808756,0.0313246171071192
gin,motrpac,correlation,0.8,NoReadOut,0.6619921922683716,0.0045976780773572,0.6789620916048685,0.0036306905533332,0.6871794859568278,0.0044411728585086,0.6584987640380859,0.002786718896712,0.5230895678202311,0.0188244294975128,0.5453681945800781,0.0151739121147165,0.5621890624364217,0.0086171610061345,0.5570817788441976,0.0273859187930824
gin,motrpac,correlation,0.8,OmicsReadOut,0.6460252205530802,0.0207641807659174,0.6578434705734253,0.0207319259324816,0.6589743693669637,0.0193585644698254,0.6622151533762614,0.0099315992460804,0.5046039422353109,0.0306814492829072,0.5085786680380503,0.0419834792859924,0.5124378105004629,0.0375613794012215,0.5442612767219543,0.0319114376146693
gin,motrpac,correlation,1.0,NoReadOut,0.6521551012992859,0.0052619473983577,0.6692704757054647,0.0059440307570048,0.6769230763117472,0.0076923072338296,0.6429796616236368,0.0105366401894386,0.5066611568133036,0.0046251090484472,0.5268181363741556,0.0030327619238741,0.5373134613037109,0.0,0.5561660329500834,0.0045172423898093
gin,motrpac,correlation,1.0,OmicsReadOut,0.6303746898969015,0.0136602681455882,0.6418862144152323,0.0147451793048042,0.6435897548993429,0.0117501803824697,0.6290941635767618,0.0204754857844929,0.5208925306797028,0.0291103338151063,0.5251501798629761,0.0299965551506845,0.5223880608876547,0.0298507511615802,0.5282356341679891,0.0343691274061859
gin,motrpac,distance_correlation,0.3,NoReadOut,0.6276912887891134,0.0071712030838009,0.6416229406992594,0.0070311773406722,0.6435897350311279,0.0088823113042595,0.6263171037038168,0.0037723269952692,0.5386165181795756,0.0094546271310178,0.5537022153536478,0.0085896656383252,0.5572139422098795,0.0086171610061345,0.6071428855260214,0.0351223301869874
gin,motrpac,distance_correlation,0.3,OmicsReadOut,0.5926822423934937,0.0094766433493866,0.6148550510406494,0.0044497547213474,0.6487179597218832,0.0247273143504281,0.618884285291036,0.0330004783638007,0.5656773646672567,0.0537618331220434,0.5880851546923319,0.0468492670328508,0.6169154246648153,0.0455977625762715,0.5441086490948995,0.0761510503764093
gin,motrpac,distance_correlation,0.5,NoReadOut,0.6268551349639893,0.0039448376541146,0.6402773857116699,0.0041070249811831,0.6512820720672607,0.0088823113042595,0.6263170838356018,0.0059418714352717,0.5468464295069376,0.0224838214490567,0.5605262120564779,0.0222738164319601,0.5621890624364217,0.0227988650296352,0.5665445725123087,0.0244409710658865
gin,motrpac,distance_correlation,0.5,OmicsReadOut,0.6193440953890482,0.0178209649834056,0.6297163764635721,0.0140293419537673,0.6307692329088846,0.0076923072338296,0.6071224212646484,0.025725868811951,0.5053233404954275,0.014107253997924,0.5145786007245382,0.0162049973846596,0.5124378005663554,0.0172343220122691,0.5193833907445272,0.0263440714471333
gin,motrpac,distance_correlation,0.8,NoReadOut,0.6468042731285095,0.0031550600430755,0.6615259051322937,0.0013323884426306,0.6666666666666666,0.0044411384457509,0.6425712903340658,0.0015753526798264,0.5658968091011047,0.0126422421624152,0.5815290212631226,0.0107007990160468,0.5870646635691324,0.0086171610061345,0.5720390876134237,0.0062334215491244
gin,motrpac,distance_correlation,0.8,OmicsReadOut,0.6124113003412882,0.0142887590294222,0.6241598327954611,0.0136160879499234,0.628205140431722,0.0117501803824697,0.6119006872177124,0.010815283045437,0.5683819452921549,0.0252586603498255,0.5782989859580994,0.0235151552933453,0.5771144231160482,0.0227988650296352,0.5677655736605326,0.0322078702852216
gin,motrpac,distance_correlation,1.0,NoReadOut,0.64725395043691,0.0089230742910136,0.6614264448483785,0.0098367580236505,0.664102574189504,0.0117502063960694,0.6400392055511475,0.0061845118108884,0.5851059754689535,0.0064245519854867,0.6006893912951151,0.0068877875933653,0.606965184211731,0.0086171954188923,0.5772282878557841,0.0133440198617537
gin,motrpac,distance_correlation,1.0,OmicsReadOut,0.6355821092923483,0.0246170007831732,0.6512546936670939,0.0279190404641958,0.6564102570215861,0.0346865499140556,0.6449399391810099,0.0298401453117529,0.566729466120402,0.0072371301519622,0.5798597931861877,0.0038015538109863,0.5820895433425903,0.0,0.5357142885526022,0.0092938840874885
gin,motrpac,random,0.3,NoReadOut,0.6174391905466715,0.0173196763132449,0.6333158016204834,0.0204371518161039,0.6512820521990458,0.0160128096538882,0.6460018356641134,0.0134755796812827,0.5373633702596029,0.0594771093058444,0.5585221449534098,0.0486700085946139,0.5771144429842631,0.0310696492618842,0.5931013226509094,0.0460917825718287
gin,motrpac,random,0.3,OmicsReadOut,0.5805952350298563,0.027985826576601,0.602480411529541,0.0222552887512955,0.6205128232638041,0.0160128096538882,0.5977701544761658,0.0061589471425481,0.5869408249855042,0.0561303430682502,0.6043400963147482,0.0560646265277699,0.6169154246648153,0.0603201589976471,0.5940170884132385,0.0243378571003121
gin,motrpac,random,0.5,NoReadOut,0.6409253676732382,0.013546860657503,0.6577744285265604,0.0125478536777537,0.6666666865348816,0.0088823113042595,0.6772032976150513,0.0113601668658393,0.5654823382695516,0.0198483599659096,0.5846803983052572,0.0179077222043961,0.5970149238904318,0.0149253904819587,0.6150793433189392,0.0119516156722844
gin,motrpac,random,0.5,OmicsReadOut,0.6118298768997192,0.0377767705042683,0.627549966176351,0.0269370098392261,0.6410256425539652,0.0117501803824697,0.6287878751754761,0.0151364661746422,0.568774422009786,0.0251413422610521,0.5776421427726746,0.0251427682761434,0.5820895632108053,0.0298507511615802,0.5272435744603475,0.0715147319520412
gin,motrpac,random,0.8,NoReadOut,0.6386767427126566,0.0100154380040808,0.656025211016337,0.0058499506197596,0.6692307591438293,0.0,0.6654414733250936,0.0066220180502211,0.514964779218038,0.040562661401419,0.5381916562716166,0.0343593063867069,0.5572139422098795,0.0227988650296352,0.5702075560887655,0.0019062850455975
gin,motrpac,random,0.8,OmicsReadOut,0.589573860168457,0.040638421257629,0.6110776662826538,0.0393734004019893,0.6333333452542623,0.0310880723585294,0.6286857922871908,0.016302554071576,0.5286946098009745,0.0195786780748901,0.5469970305760702,0.0251550355948575,0.5572139223416647,0.0375613616378638,0.5073259870211283,0.009691362373519
gin,motrpac,random,1.0,NoReadOut,0.6596246560414633,0.0155868391055162,0.6790221929550171,0.0126967778246403,0.692307690779368,0.0076923072338296,0.666421631971995,0.0087747160576203,0.487744390964508,0.0321107678984158,0.5163178642590841,0.0275332689002548,0.5472637017567953,0.0172343220122692,0.5573870539665222,0.0188193795098288
gin,motrpac,random,1.0,OmicsReadOut,0.6287099719047546,0.0135227684426437,0.6490905284881592,0.0130910259844639,0.6615384618441263,0.0133234497500103,0.5959323644638062,0.0204029979729584,0.5245962142944336,0.0386777870855014,0.5429935654004415,0.0345109894546164,0.5522388021151224,0.0298507511615802,0.5488400459289551,0.0303351957659704
gin,motrpac,variance,0.3,NoReadOut,0.6237301031748453,0.0273873915643236,0.6400415500005087,0.0248803111182999,0.6512820521990458,0.0193585328905131,0.6368536949157715,0.0273752738554235,0.5512106617291769,0.0153436318998023,0.5717242360115051,0.0158937134352313,0.5870646834373474,0.0227988975466376,0.5775336027145386,0.0532108454449869
gin,motrpac,variance,0.3,OmicsReadOut,0.5958709120750427,0.0336914836985254,0.6131418347358704,0.0452610914735955,0.6410256425539652,0.0394738510019551,0.5956464608510336,0.0034833523243637,0.6077695687611898,0.0818306551089829,0.6136223872502645,0.0928596745731498,0.6218905448913574,0.0874547225061311,0.6190476417541504,0.0191214364982617
gin,motrpac,variance,0.5,NoReadOut,0.5693830450375875,0.0070359248416476,0.5856648087501526,0.0113763452668371,0.6307692329088846,0.0076923072338296,0.614555279413859,0.0156306815955727,0.5374161998430887,0.0434799190757615,0.5557498931884766,0.0393331079855887,0.5671641627947489,0.0394888263788913,0.5801282127698263,0.0184348119733148
gin,motrpac,variance,0.5,OmicsReadOut,0.6256647706031799,0.0163164500447618,0.6480432550112406,0.0145198529049726,0.6666666666666666,0.0193585328905131,0.5924201607704163,0.0078882801571422,0.568108340104421,0.0659132832763923,0.5869099895159403,0.0553302177159734,0.6019900441169739,0.0375613655852747,0.6376678546269735,0.0160278427009781
gin,motrpac,variance,0.8,NoReadOut,0.578742782274882,0.0383960067756151,0.599972685178121,0.0326450736320611,0.6179487307866415,0.0222057954670276,0.630727748076121,0.0184235332638639,0.6110428969065348,0.0171119274854693,0.6299946109453837,0.0203649863521253,0.6467661658922831,0.0310696158565471,0.6688033938407898,0.0264829671548975
gin,motrpac,variance,0.8,OmicsReadOut,0.6318971514701843,0.0246878056685738,0.6491880814234415,0.024070542513402,0.6615384618441263,0.0277350246894805,0.6144123077392578,0.0054759126534655,0.521197517712911,0.0292872809631454,0.5347396930058798,0.0223586601493282,0.537313441435496,0.0149253904819587,0.5901251435279846,0.0138886638561335
gin,motrpac,variance,1.0,NoReadOut,0.5525253216425577,0.0381819915478657,0.5790611902872721,0.0313154366326524,0.6076923211415609,0.0133234497500104,0.6106346249580383,0.0122003263539394,0.550833543141683,0.0435249871483732,0.5767341057459513,0.0374702848326447,0.606965184211731,0.0227988975466376,0.6440781354904175,0.0683222196731845
gin,motrpac,variance,1.0,OmicsReadOut,0.6133035818735758,0.0233466797557993,0.6356291174888611,0.02219054389051,0.6512820521990458,0.0222057954670276,0.6078575452168783,0.0263485007890398,0.5345160166422526,0.0322215777798248,0.5561831394831339,0.0309708218968765,0.572139302889506,0.0310696158565471,0.5491453011830648,0.0340350851100843
mlp,motrpac,correlation,0.3,NoReadOut,0.6269683837890625,0.0090830361337439,0.6419411500295004,0.009129585203115,0.6461538473765055,0.0076923072338296,0.6263375282287598,0.0043920360442208,0.5097623566786448,0.0185542889393525,0.5211940805117289,0.0253622715107086,0.5223880608876547,0.0298507511615802,0.5604395469029745,0.0216513155213805
mlp,motrpac,correlation,0.5,NoReadOut,0.646776537100474,0.0165235360125747,0.6571412881215414,0.0222735506416889,0.6589743693669637,0.0247273019890006,0.6479620933532715,0.0067121658551627,0.5338672896226248,0.0858576273539893,0.5441596508026123,0.075104448536793,0.5472636818885803,0.0705345699942363,0.5931013822555542,0.030154998209958
mlp,motrpac,correlation,0.8,NoReadOut,0.641800065835317,0.0200064901159906,0.6541148821512858,0.0256684570962567,0.6564102570215861,0.031088092022967,0.6665441393852234,0.0110839871085224,0.5538684725761414,0.0280969723439177,0.5662816564242045,0.0361254797818427,0.572139302889506,0.0455977885898711,0.5766178369522095,0.0324489306816499
mlp,motrpac,correlation,1.0,NoReadOut,0.6361338893572489,0.0033851819493156,0.6519782741864523,0.0036403810344182,0.6564102570215861,0.0044411728585086,0.6348933974901835,0.0060668642950978,0.5424588918685913,0.0093294843017058,0.5559171835581461,0.008808579191416,0.5572139422098795,0.0086171610061346,0.5699023008346558,0.0265777696049887
mlp,motrpac,distance_correlation,0.3,NoReadOut,0.622814416885376,0.0117699046967627,0.6355804204940796,0.0095886473119248,0.6384615302085876,0.0153846144676208,0.6300743023554484,0.0168352397192114,0.5318683385848999,0.0105607912715674,0.546848475933075,0.0079255390699523,0.5522388219833374,0.0149253606796264,0.5992063482602438,0.0243378544838111
mlp,motrpac,distance_correlation,0.5,NoReadOut,0.6487627228101095,0.0170621505424273,0.6662675937016805,0.0187279414919985,0.6769230763117472,0.0230769217014376,0.6610716382662455,0.0137321648845026,0.5051354765892029,0.0370186903103255,0.5220852692921957,0.0365304383067871,0.5273631811141968,0.0375613655852747,0.5525030493736267,0.0389633867730834
mlp,motrpac,distance_correlation,0.8,NoReadOut,0.6465682586034139,0.0085121687804709,0.6557829777399699,0.0077358536486032,0.6538461645444235,0.0076923072338296,0.6531283060709635,0.0112291302700669,0.4985783994197845,0.008146722369528,0.505542536576589,0.0083119577022071,0.5024875601132711,0.0086171610061345,0.5515873034795126,0.0210688899570717
mlp,motrpac,distance_correlation,1.0,NoReadOut,0.6595074931780497,0.0132340932207014,0.6684836149215698,0.0147861281007171,0.6666666666666666,0.0160128096538882,0.6720575094223022,0.0021408674007544,0.5012184679508209,0.0160233893590634,0.5048405726750692,0.0179938192225467,0.5024875601132711,0.0172343220122691,0.5583027998606364,0.0107316377008924
mlp,motrpac,random,0.3,NoReadOut,0.6397148172060648,0.0061024830077649,0.6569175124168396,0.0078922028464829,0.6666666666666666,0.0117502063960694,0.6692804098129272,0.0307757439723389,0.5573039849599203,0.0188968565706124,0.5672912200291952,0.0234869165125453,0.5671641826629639,0.0258514830184037,0.6108058492342631,0.0182920785396722
mlp,motrpac,random,0.5,NoReadOut,0.6296911239624023,0.0056281029142164,0.6418957511583964,0.0047172542224059,0.6461538473765055,0.0076923072338296,0.635056753953298,0.0174275875388543,0.5719819068908691,0.0332631651220963,0.5796106060345968,0.0339308758598663,0.5771144231160482,0.0344686440245383,0.5760073264439901,0.0488619828225596
mlp,motrpac,random,0.8,NoReadOut,0.6473592718442281,0.0113243157047825,0.6585656801859537,0.0109031539718208,0.6589743693669637,0.0117501803824697,0.6629093885421753,0.007734546576744,0.5548648238182068,0.0316108655973407,0.5639566779136658,0.0310879295413218,0.5621890624364217,0.0310696158565471,0.5751678943634033,0.0305478192211831
mlp,motrpac,random,1.0,NoReadOut,0.6606868902842203,0.018424564216262,0.6730226476987203,0.0172198520290752,0.6794871886571249,0.0117502063960694,0.6669117013613383,0.005567974861675,0.5707260171572367,0.0250768733374188,0.5791977047920227,0.0231759844190654,0.5771144231160482,0.0227988650296352,0.5628815690676371,0.0334510389605537
mlp,motrpac,variance,0.3,NoReadOut,0.642933170000712,0.007716619862931,0.6566630999247233,0.0050286935950252,0.6589743693669637,0.0044411728585085,0.6567017634709676,0.0077448897915766,0.5705194473266602,0.0446466784510259,0.581382950146993,0.0436960020818619,0.5820895632108053,0.044776111841205,0.5705128113428751,0.0334217260571602
mlp,motrpac,variance,0.5,NoReadOut,0.6348860462506613,0.0080641118623872,0.6462323069572449,0.0119572332270346,0.6461538672447205,0.0153846144676208,0.6224781274795532,0.0099906351347401,0.5713362097740173,0.0219435658467864,0.5784599582354227,0.0183578004130919,0.5771144231160482,0.0172343220122692,0.5956959327061971,0.0410277745878813
mlp,motrpac,variance,0.8,NoReadOut,0.6390775839487711,0.0090372960605935,0.6495495637257894,0.0060812551301619,0.6487179597218832,0.0044411384457508,0.6306460897127787,0.0280516281628788,0.5860017339388529,0.0861235215400335,0.5862688819567362,0.0886517497863452,0.5870647033055624,0.0861716788868613,0.5931013226509094,0.0891498082944221
mlp,motrpac,variance,1.0,NoReadOut,0.6365371147791544,0.0288706963693197,0.6492788394292196,0.0284462305100842,0.6512820521990458,0.0310880723585294,0.6425712505976359,0.0286246938690323,0.5071028172969818,0.0164070714107239,0.5159896810849508,0.0175444421129812,0.5174129406611124,0.022798891043246,0.5177045067151388,0.0280813520032293
sage,motrpac,correlation,0.3,NoReadOut,0.6367169221242269,0.0026402844222369,0.6501260995864868,0.0034401057368403,0.6512820521990458,0.0044411384457509,0.6277873118718466,0.0012732720351228,0.5106935302416483,0.0101229825953795,0.5310833056767782,0.0092831649029276,0.542288581530253,0.0086171610061346,0.5726495782534281,0.0140779667657792
sage,motrpac,correlation,0.3,OmicsReadOut,0.5930108229319254,0.0140195760718715,0.6127521594365438,0.012798980228697,0.6410256425539652,0.0117501803824697,0.5965449611345927,0.0205046163789261,0.5501256585121155,0.0173108262214002,0.5710768898328146,0.0191440855165917,0.5920398235321045,0.034468678437296,0.5692918300628662,0.0204836275666725
sage,motrpac,correlation,0.5,NoReadOut,0.6547522942225138,0.0137529733945482,0.6684980193773905,0.0130669863426447,0.6743589639663696,0.0088823113042595,0.6361185908317566,0.0016067999466303,0.5179146528244019,0.0128203837917606,0.5356054703394572,0.0141223949976516,0.5422885616620382,0.0172343564250268,0.5668498078982035,0.0027472674847187
sage,motrpac,correlation,0.5,OmicsReadOut,0.6025778849919637,0.0135355309536009,0.6164049307505289,0.0095259324695987,0.6230769157409668,0.0153846144676208,0.6063669125239054,0.0412605231883984,0.5719330906867981,0.06209716148493,0.5813223719596863,0.0617188930066387,0.5820895632108053,0.0650582072696044,0.5402930279572805,0.0579822528332764
sage,motrpac,correlation,0.8,NoReadOut,0.6630911032358805,0.004380861601676,0.6785019636154175,0.0028282124920695,0.6846153736114502,0.0,0.6528628269831339,0.0025149066034046,0.5215693612893423,0.0480808624006814,0.5410411159197489,0.0412006595306894,0.5522388021151224,0.0298507511615802,0.5723443229993185,0.016786023073095
sage,motrpac,correlation,0.8,OmicsReadOut,0.6174640655517578,0.0104180094553365,0.6304782430330912,0.0115277759887118,0.6358974377314249,0.0117502063960694,0.6425304214159647,0.0131434354356576,0.5259406765302023,0.0244594531773773,0.5355302294095358,0.0157701006945248,0.537313441435496,0.0149253904819587,0.5964590907096863,0.0298475319186341
sage,motrpac,correlation,1.0,NoReadOut,0.6614173650741577,0.0046200159603068,0.6767886877059937,0.0060625643505856,0.6820513010025024,0.0088823113042595,0.6506166855494181,0.0028949656664983,0.5176192323366801,0.0245224083150587,0.5354237159093221,0.021410401169582,0.5422885616620382,0.0172343564250268,0.5702075560887655,0.005958283784032
sage,motrpac,correlation,1.0,OmicsReadOut,0.6374002893765768,0.016144024723471,0.6516483823458353,0.0154825436181472,0.6538461446762085,0.0153846144676208,0.6475536823272705,0.0033087539992703,0.5612732072671255,0.0665869763894922,0.5720773736635844,0.0606086240337285,0.572139302889506,0.0565065586546562,0.5958486000696818,0.0352812042404807
sage,motrpac,distance_correlation,0.3,NoReadOut,0.625616212685903,0.0029454012039988,0.6406830151875814,0.0029014240381428,0.6435897548993429,0.0044411728585086,0.6240300536155701,0.0005101137979905,0.5494051774342855,0.0260434463689933,0.5659981966018677,0.0243373646741054,0.572139302889506,0.0227988650296352,0.6333943605422974,0.0426521022259156
sage,motrpac,distance_correlation,0.3,OmicsReadOut,0.6148192087809244,0.0305756584788935,0.633857250213623,0.0244275729923839,0.6435897548993429,0.0160128191982699,0.6412643790245056,0.0205364611377113,0.5267077088356018,0.0434096929977866,0.5424572428067526,0.0374519385773693,0.5472636818885803,0.0310696397175113,0.5322039127349854,0.064060591072749
sage,motrpac,distance_correlation,0.5,NoReadOut,0.6218830545743307,0.0036411001164575,0.6363745133082072,0.005017920158131,0.6384615500768026,0.0076923072338296,0.6217430432637533,0.0013933262545079,0.5701887011528015,0.0145971691509834,0.5860283772150675,0.0122006302915782,0.5920397837956747,0.0086171610061346,0.5805860757827759,0.001586152828186
sage,motrpac,distance_correlation,0.5,OmicsReadOut,0.5875004132588705,0.0265990875256655,0.6071973840395609,0.0205845077328971,0.6256410280863444,0.0160128191982699,0.6143918832143148,0.0077539582572186,0.5826541781425476,0.0415873107851324,0.5971684654553732,0.0425088969705956,0.6019900639851888,0.0455977625762715,0.6008088986078898,0.0339155066589893
sage,motrpac,distance_correlation,0.8,NoReadOut,0.6488931576410929,0.0037308935394562,0.6671837965647379,0.0023922028519342,0.6769230961799622,0.0,0.6532712578773499,0.0029709394048047,0.5167738993962606,0.0249373974969132,0.5396759112675985,0.0235772864305845,0.5572139422098795,0.0227988650296352,0.5668498476346334,0.0180149058409879
sage,motrpac,distance_correlation,0.8,OmicsReadOut,0.6128996809323629,0.0079107523894502,0.6251957416534424,0.0076039117682384,0.6384615500768026,0.0133234497500103,0.6357510487238566,0.0198211698106509,0.5494818290074667,0.0134061627033896,0.5616748332977295,0.0106539432255267,0.5621890624364217,0.0086171610061345,0.5943223635355631,0.0187896737649768
sage,motrpac,distance_correlation,1.0,NoReadOut,0.6284166177113851,0.004842162606725,0.6453179518381754,0.0033165425575347,0.6512820521990458,0.0044411384457508,0.6318712631861368,0.0040807004070238,0.5494184295336405,0.0441328966470169,0.5691433946291605,0.0388104827409232,0.5820895632108053,0.0298507511615802,0.5995115836461385,0.0083093137246366
sage,motrpac,distance_correlation,1.0,OmicsReadOut,0.6073586344718933,0.0347450112701308,0.6229376991589864,0.0340281975037453,0.6358974575996399,0.0235003867785284,0.5964632829030355,0.0252140333714722,0.5534544984499613,0.0274759822894768,0.5683362483978271,0.0284012711595427,0.572139302889506,0.0310696158565471,0.5839438438415527,0.037916268040866
sage,motrpac,random,0.3,NoReadOut,0.5999059875806173,0.0131966835291756,0.6168215473492941,0.0073916662484907,0.6256410280863444,0.0044411728585085,0.6145552595456442,0.0089665180273211,0.5472916762034098,0.0575685340341313,0.5655626058578491,0.0488631610172935,0.5771144231160482,0.0344686440245383,0.5964590907096863,0.0168938811313893
sage,motrpac,random,0.3,OmicsReadOut,0.602888802687327,0.0177742475470726,0.6192936897277832,0.0154419293145445,0.6256410280863444,0.0117501803824697,0.5873968601226807,0.0228938105084538,0.5807856718699137,0.0246946685296109,0.5939379135767618,0.0202970846779257,0.5970149238904318,0.0149253904819587,0.5845543146133423,0.0284079783277528
sage,motrpac,random,0.5,NoReadOut,0.6003967126210531,0.0124600805676501,0.606625517209371,0.0114407389445073,0.6256410280863444,0.0044411728585086,0.6185574928919474,0.0033448528379685,0.5837804476420084,0.0227947893977512,0.5885028044382731,0.0240401073000447,0.5870646834373474,0.0227988975466376,0.5637973149617513,0.022437431347211
sage,motrpac,random,0.5,OmicsReadOut,0.5848395029703776,0.031762040630532,0.6035118103027344,0.0263989623312383,0.6179487307866415,0.0117502063960694,0.5956056912740072,0.0536411009139556,0.5817953745524088,0.0444249929719783,0.5960793097813925,0.0489171673322774,0.6019900639851888,0.0565065376630664,0.5573870340983073,0.0415466167949195
sage,motrpac,random,0.8,NoReadOut,0.5987667640050253,0.0074895484040731,0.6068093776702881,0.0032407204669652,0.6230769157409668,0.0,0.6292575597763062,0.005741399855145,0.575387199719747,0.0435305161736278,0.5854014158248901,0.0388592916240898,0.5870646834373474,0.0375613655852747,0.5692917903264364,0.0208890203941356
sage,motrpac,random,0.8,OmicsReadOut,0.6049944957097372,0.0027691257870883,0.6276348431905111,0.000641247327094,0.6461538473765055,0.0076923072338296,0.6063873370488485,0.0218707103744418,0.5203588604927063,0.0168794009747928,0.5434495409329733,0.0174447730070071,0.5621890624364217,0.0227988650296352,0.603479822476705,0.0123201866360516
sage,motrpac,random,1.0,NoReadOut,0.6043501098950704,0.0228825178569202,0.6152968605359396,0.0225372311994242,0.6256410280863444,0.0117501803824697,0.6257453362147013,0.005983831931747,0.5864197413126627,0.0179085711740033,0.5995946327845255,0.0173380764767528,0.6019900639851888,0.0172343564250268,0.5921856164932251,0.0218504354051415
sage,motrpac,random,1.0,OmicsReadOut,0.6095929145812988,0.0175164599591124,0.6262715856234232,0.0125997838913316,0.6358974377314249,0.0044411384457509,0.5959323644638062,0.0136892912677355,0.5444300572077433,0.027014195069157,0.5514875849088033,0.0279887386149604,0.5522388219833374,0.0258514830184037,0.5740232070287069,0.024333507633262
sage,motrpac,variance,0.3,NoReadOut,0.637326717376709,0.0137614710460812,0.6523784399032593,0.0156691664577149,0.6589743693669637,0.0160128191982699,0.6393041014671326,0.0151626556321982,0.5950671831766764,0.0326243934582809,0.6136560837427775,0.0298591068549219,0.6268656651178995,0.0258515174311615,0.654456635316213,0.0289779005224403
sage,motrpac,variance,0.3,OmicsReadOut,0.6268186171849569,0.0128326362906602,0.6505650877952576,0.0088823110996716,0.6794871886571249,0.0117502063960694,0.6243567864100138,0.0082443778305777,0.571300228436788,0.0367022902736241,0.5910195906956991,0.0333652492679966,0.606965164343516,0.0310696492618842,0.6008852124214172,0.0083219647485741
sage,motrpac,variance,0.5,NoReadOut,0.6004038651784261,0.0288135339539737,0.619487981001536,0.0283568593200117,0.6358974377314249,0.0193585328905131,0.5996079444885254,0.0367360840212127,0.5978474418322245,0.0126135071853966,0.6155649224917094,0.0130426035681441,0.6268656849861145,0.0149253606796264,0.6364468932151794,0.0548763027582171
sage,motrpac,variance,0.5,OmicsReadOut,0.6482475598653158,0.0129549709794874,0.6679344375928243,0.0041595225012721,0.6871794859568278,0.0160128191982699,0.677489181359609,0.0222129553593972,0.5747750004132589,0.0170124288160391,0.587016781171163,0.0156685987082445,0.5920398036638895,0.022798891043246,0.591651439666748,0.0220308288538207
sage,motrpac,variance,0.8,NoReadOut,0.6451477408409119,0.0143341180310786,0.6655043164889017,0.0123221417390382,0.6794871687889099,0.0088823113042595,0.625173548857371,0.00870604254114,0.5871148308118185,0.0185750086397381,0.6053263147672018,0.0177557097042731,0.6169154246648153,0.0172343564250269,0.6013430754343668,0.0220034443150676
sage,motrpac,variance,0.8,OmicsReadOut,0.618669589360555,0.006802975140596,0.6365622480710348,0.0048639625085457,0.6435897548993429,0.0044411728585085,0.6377725998560587,0.004138073230164,0.5853334665298462,0.0099127273044749,0.5938196579615275,0.0087270829234905,0.5920397837956747,0.0086171610061346,0.582036038239797,0.010670356413188
sage,motrpac,variance,1.0,NoReadOut,0.5685554345448812,0.056773776677254,0.5921517213185629,0.0589673479112832,0.6410256425539652,0.0270144810484425,0.6029568115870158,0.0337640245562548,0.575468897819519,0.018416507834856,0.5933011174201965,0.0246874262965151,0.606965164343516,0.0430858394434306,0.6288156310717264,0.0673330846034947
sage,motrpac,variance,1.0,OmicsReadOut,0.6061602036158243,0.0094149072012421,0.6187513470649719,0.0152700653518705,0.6205128232638041,0.0193585328905131,0.6121048927307129,0.0171694033222749,0.4549341201782226,0.0642783376034654,0.4639007945855458,0.0682539114373063,0.4626865784327189,0.068396669878005,0.4676434596379598,0.0495586858568508
sagn,motrpac,correlation,0.3,NoReadOut,0.6404842336972555,0.0021384419721271,0.6543858249982198,0.0029585525900581,0.6564102570215861,0.0044411728585086,0.6348117589950562,0.001020227595981,0.5610551436742147,0.0347581929678768,0.5766360561052958,0.0305743931242516,0.5820895632108053,0.0258515174311615,0.6080586314201355,0.0088311675825775
sagn,motrpac,correlation,0.3,OmicsReadOut,0.6448124647140503,0.0100916341405293,0.6578064958254496,0.007582253716598,0.664102574189504,0.0044411384457508,0.6417544682820638,0.0090730277967646,0.5397287507851919,0.0481577652167406,0.5484759410222372,0.0514419346742318,0.5472636818885803,0.0524161752014883,0.5592185854911804,0.0137159306331668
sagn,motrpac,correlation,0.5,NoReadOut,0.6414908965428671,0.0152174089031503,0.6571176449457804,0.0141057548403926,0.6615384618441263,0.0133234841627681,0.6309728225072225,0.0016068272156367,0.5552059213320414,0.0083686320699816,0.5730398098627726,0.0054892133944455,0.5820895433425903,0.0,0.6028693517049154,0.0023046266290247
sagn,motrpac,correlation,0.5,OmicsReadOut,0.6504186987876892,0.0163936274749951,0.6631078521410624,0.0174844886378143,0.6692307591438293,0.0153846144676208,0.6373438040415446,0.0089464328588781,0.5388890703519186,0.0128768179843977,0.5558075110117594,0.0140872474109918,0.5621890624364217,0.0172343220122692,0.5683760841687521,0.0210887808603843
sagn,motrpac,correlation,0.8,NoReadOut,0.6519252061843872,0.0092727355739039,0.6650848189989725,0.0102221209573196,0.6666666666666666,0.0117502063960694,0.6405292948087057,0.0048946552035242,0.5957138935724894,0.0036809950407825,0.6125449736913046,0.0052526256852166,0.6218905647595724,0.0086171610061345,0.6211843887964884,0.0045172967638476
sagn,motrpac,correlation,0.8,OmicsReadOut,0.6535169084866842,0.0070246443104464,0.6671252051989237,0.0071529283065608,0.6692307790120443,0.0076923072338296,0.6320346196492513,0.0049515386358374,0.5596128106117249,0.0166789259290212,0.5739902456601461,0.0165953616547336,0.5771144231160482,0.0172343220122692,0.5637973348299662,0.0381697307383601
sagn,motrpac,correlation,1.0,NoReadOut,0.6319120526313782,0.0074473242135596,0.6484659910202026,0.007161879888229,0.6538461645444235,0.0076923072338296,0.6329331398010254,0.0024503469467163,0.5369662642478943,0.0296982715510488,0.5560495654741923,0.0243399814436154,0.5671641826629639,0.0149253606796264,0.6144688924153646,0.0041965008907833
sagn,motrpac,correlation,1.0,OmicsReadOut,0.6448045372962952,0.0129905949624451,0.6609654625256857,0.0117984288133216,0.6666666666666666,0.0117502063960694,0.643020490805308,0.0056336629287234,0.5726284583409628,0.0252181921353317,0.5893020033836365,0.0263241375775343,0.5970149238904318,0.0298507511615802,0.6150793433189392,0.034994801416367
sagn,motrpac,distance_correlation,0.3,NoReadOut,0.6375054121017456,0.0052785729045269,0.6505495309829712,0.0047889137751279,0.6512820521990458,0.0044411384457509,0.6277873118718466,0.0004901289951961,0.5161891579627991,0.0,0.5327867865562439,0.0,0.5373134613037109,0.0,0.6263736089070638,0.0063444736617133
sagn,motrpac,distance_correlation,0.3,OmicsReadOut,0.6385636528333029,0.0092902490623114,0.6553430358568827,0.0082676700813244,0.664102574189504,0.0044411384457508,0.6334231694539388,0.0120143762460824,0.5291874408721924,0.0144427493846464,0.5496017932891846,0.0122437913026732,0.5621890624364217,0.0086171610061345,0.5579975446065267,0.0317269426773867
sagn,motrpac,distance_correlation,0.5,NoReadOut,0.631371815999349,0.0039774265356622,0.643759032090505,0.0041478729245801,0.6435897548993429,0.0044411728585086,0.6202727953592936,0.0018391554228407,0.5223668416341146,0.010700061991807,0.5383725166320801,0.0096747682887138,0.542288581530253,0.0086171610061346,0.6153846184412638,0.0047584240718004
sagn,motrpac,distance_correlation,0.5,OmicsReadOut,0.6428351600964864,0.0020640492295833,0.6574528018633524,0.0031967892445076,0.6615384618441263,0.0076923072338296,0.6468185981114706,0.0173182787362512,0.5273710191249847,0.0377400032276806,0.5410110553105673,0.0341660236643989,0.5422885616620382,0.0310696492618842,0.6069902181625366,0.0257810414237882
sagn,motrpac,distance_correlation,0.8,NoReadOut,0.623691995938619,0.0061397998624626,0.640443762143453,0.0069022188842227,0.6461538473765055,0.0076923072338296,0.622478167215983,0.0007486193714207,0.565691073735555,4.298153437483174e-05,0.5830739736557007,0.0030307659839272,0.5920397837956747,0.0086171610061345,0.5897435744603475,0.0152411327498045
sagn,motrpac,distance_correlation,0.8,OmicsReadOut,0.6429808537165324,0.0063867333938168,0.6615949869155884,0.0043341213710812,0.6717948714892069,0.0044411728585086,0.647390345732371,0.0172625650150727,0.5763027469317118,0.0098961930346638,0.5949970086415609,0.0091398730517799,0.606965184211731,0.0086171954188923,0.6121794780095419,0.0153849564145962
sagn,motrpac,distance_correlation,1.0,NoReadOut,0.6217690706253052,0.0077612468964703,0.637516438961029,0.0080654900873493,0.6410256624221802,0.0088823113042595,0.6205178499221802,0.0012087475848838,0.5558010935783386,0.0193123566997222,0.5717172821362814,0.0203035625742248,0.5771144231160482,0.0227988650296352,0.6178266406059265,0.0156036482307065
sagn,motrpac,distance_correlation,1.0,OmicsReadOut,0.6588762799898783,0.0091601582410847,0.6755956411361694,0.0058342158698159,0.6846153736114502,0.0,0.6649309794108073,0.011068553942712,0.5948303937911987,0.033803251184328,0.6082382400830587,0.0357350434429323,0.6119403044382731,0.0394888263788913,0.6422466437021891,0.0071019860157685
sagn,motrpac,random,0.3,NoReadOut,0.6327728827794393,0.0045321761586028,0.6409223874409994,0.0070125439165006,0.6384615500768026,0.0076923072338296,0.6553949515024821,0.0130224108119379,0.5674252112706503,0.0402478664108136,0.5836781064669291,0.0330802840847175,0.5920398036638895,0.022798891043246,0.5894383192062378,0.0127000508560627
sagn,motrpac,random,0.3,OmicsReadOut,0.6318430304527283,0.0247663666716314,0.6473589539527893,0.023764789005496,0.6512820720672607,0.0235003867785284,0.6325247287750244,0.0244674007888733,0.5942574938138326,0.0340100553575828,0.6097102761268616,0.0291570812874006,0.6169154246648153,0.022798891043246,0.6333943605422974,0.0355180617303353
sagn,motrpac,random,0.5,NoReadOut,0.599432110786438,0.0119651670898397,0.611567497253418,0.011651351588932,0.6179487307866415,0.0160128096538882,0.6338315606117249,0.0030441241085564,0.5471678972244263,0.0222908982168346,0.5645942091941833,0.0201174228528798,0.572139302889506,0.0172343220122691,0.5827228426933289,0.0140182557445888
sagn,motrpac,random,0.5,OmicsReadOut,0.613547702630361,0.0142389905904769,0.6238654653231303,0.018634784482867,0.6307692329088846,0.0076923072338296,0.6382831136385599,0.0134214518735382,0.6003202199935913,0.0242188664814759,0.6066026488939921,0.0300238509653202,0.606965164343516,0.0310696492618842,0.6323260068893433,0.0222388445037978
sagn,motrpac,random,0.8,NoReadOut,0.6083204746246338,0.021615751818727,0.6234583258628845,0.0225139336247837,0.6410256425539652,0.0222057610542699,0.6226415236790975,0.0035593632590889,0.5195146203041077,0.0157565349580994,0.5383975704511007,0.0130608459959557,0.5472637017567953,0.0086171610061346,0.5570817987124125,0.042336337911648
sagn,motrpac,random,0.8,OmicsReadOut,0.6256137688954672,0.0286895868056917,0.6414587100346884,0.0299051173656844,0.6461538473765055,0.0335299967119719,0.646655261516571,0.0173146415534848,0.5105652610460917,0.0123157174111184,0.5254551966985067,0.0100516632623735,0.5323383013407389,0.0172343564250268,0.5240384340286255,0.0265834209877764
sagn,motrpac,random,1.0,NoReadOut,0.6259405811627706,0.0126862365096819,0.6397602756818136,0.0119451893076444,0.6435897350311279,0.0088823113042595,0.6435514489809672,0.0018391792474233,0.5051931937535604,0.0245435242285934,0.5273387233416239,0.0260190437421085,0.5422885616620382,0.0310696492618842,0.5476190646489462,0.0194906726175794
sagn,motrpac,random,1.0,OmicsReadOut,0.6446641683578491,0.0187865784817566,0.6608860890070597,0.0157791128681509,0.6666666666666666,0.0117502063960694,0.632300078868866,0.0140899606196757,0.5791376630465189,0.0401402715070633,0.5909691254297892,0.0420507822055706,0.5920398036638895,0.0455977625762715,0.5899725159009298,0.0165596530604722
sagn,motrpac,variance,0.3,NoReadOut,0.6267205278078715,0.0098171682801013,0.6532416542371114,0.0081879995047827,0.6820512811342875,0.0044411384457509,0.5963407754898071,0.0022099025524192,0.563396155834198,0.016970731253138,0.5872925718625387,0.0159630307589514,0.6119403044382731,0.0149253904819587,0.5250304937362671,0.0187076110087142
sagn,motrpac,variance,0.3,OmicsReadOut,0.6431870659192404,0.0268736490468043,0.6581019560496012,0.0247502336265698,0.6615384618441263,0.0230769217014376,0.6577636202176412,0.0210751520397131,0.5906460086504618,0.0264242149344043,0.601741095383962,0.024295597461625,0.6019900441169739,0.0227988975466376,0.6280525128046671,0.0174613970264962
sagn,motrpac,variance,0.5,NoReadOut,0.5747517744700114,0.0125781367754775,0.6068514386812845,0.0110544864480044,0.6512820521990458,0.0044411384457509,0.5640774170557658,0.0104047410025591,0.5163707733154297,0.0133460703080741,0.5487610697746277,0.0127228273854309,0.5970149238904318,0.0149253904819587,0.5564713080724081,0.0211285189760277
sagn,motrpac,variance,0.5,OmicsReadOut,0.6311293443044027,0.0172028686959658,0.6450504461924235,0.0205731581009564,0.6512820720672607,0.0235003867785284,0.6219880978266398,0.011742252358934,0.6018598079681396,0.0180006610476854,0.6111262440681458,0.0232445968798922,0.6119403044382731,0.0258515174311614,0.5830280979474386,0.0043276497595847
sagn,motrpac,variance,0.8,NoReadOut,0.5706037282943726,0.0070602214030097,0.6021079818407694,0.0067620578654119,0.6410256425539652,0.0044411728585085,0.5679980317751566,0.0013643222040967,0.511760950088501,0.0107071540162823,0.5452425877253214,0.0111688375888662,0.5970149238904318,0.0149253904819587,0.5723443031311035,0.0149914585721466
sagn,motrpac,variance,0.8,OmicsReadOut,0.6752112706502279,0.0179097095150301,0.6875210404396057,0.0151263582307042,0.6948718031247457,0.0044411384457509,0.706362803777059,0.0253188447554171,0.5261718531449636,0.031018479772687,0.5300344030062357,0.0309709391539722,0.5273632009824117,0.0310696492618842,0.5573870539665222,0.0515442176422017
sagn,motrpac,variance,1.0,NoReadOut,0.5608247717221578,0.0032910124631344,0.5763880213101705,0.0126200771811309,0.6230769356091818,0.0076923072338296,0.5582781831423441,0.0071412161678561,0.5919405817985535,0.0322091414248253,0.6059231956799825,0.0250110886609022,0.6119403044382731,0.0149253904819587,0.6153846184412638,0.0420348556096147
sagn,motrpac,variance,1.0,OmicsReadOut,0.6791388789812723,0.0098783852491631,0.6909299890200297,0.0122493364473051,0.692307710647583,0.0153846144676208,0.7118965784708658,0.0227016655733864,0.5556150078773499,0.0310288137476322,0.562174916267395,0.0379314355431554,0.5621890425682068,0.0375613655852747,0.5578449169794718,0.0295262120750152
GATv4,parkinsons,correlation,0.3,NoReadOut,0.6894833048184713,0.0116336625788346,0.7505799333254496,0.0107984222069745,0.7833333412806193,0.0072169058950764,0.7789090871810913,0.0255788905106829,0.5865679383277893,0.032696764964345,0.6246238152186075,0.0260078154262677,0.6666666865348816,0.0123456716537475,0.7908163269360861,0.0118114348384218
GATv4,parkinsons,correlation,0.3,OmicsReadOut,0.7712846994400024,0.0155507271821249,0.803688108921051,0.0159938583976665,0.8041666746139526,0.0190940471861295,0.8106666405995687,0.0202931936570509,0.7134096821149191,0.0224982318528168,0.7267371217409769,0.0173743634094506,0.7283950448036194,0.0123456716537475,0.7953868707021078,0.0386622729788511
GATv4,parkinsons,correlation,0.5,NoReadOut,0.7135137716929117,0.0431372361157047,0.7680159608523051,0.0320394411060427,0.7916666666666666,0.0190940731997425,0.7755151589711508,0.0319531115724121,0.5932025710741679,0.0351184538276899,0.6292993426322937,0.0276971313426381,0.6666666865348816,0.0123456716537475,0.764030655225118,0.0121675704321888
GATv4,parkinsons,correlation,0.5,OmicsReadOut,0.7598495880762736,0.0091899390191027,0.7984318733215332,0.0106457478788939,0.8041666746139526,0.0144337429646375,0.7944242755572001,0.0023378518828106,0.7334621349970499,0.0346652420358777,0.7466609477996826,0.0296192785395823,0.748971184094747,0.0256995983275164,0.8226509491602579,0.0320874027172378
GATv4,parkinsons,correlation,0.8,NoReadOut,0.7045336961746216,0.0238470593695077,0.7617500424385071,0.0197966020108911,0.7833333412806193,0.0190940797031324,0.7895757555961609,0.0100861126698251,0.6591230034828186,0.0330972192431601,0.6824582020441691,0.0295859115555451,0.6954732537269592,0.0256995649221791,0.7808248599370321,0.0278381156705686
GATv4,parkinsons,correlation,0.8,OmicsReadOut,0.7637601693471273,0.0124279472840681,0.7984312375386556,0.0114389828639881,0.800000011920929,0.012499988079071,0.8077575961748759,0.020626000316694,0.6948582530021667,0.0309737018020473,0.7095046242078146,0.0276215024947425,0.7119341492652893,0.0256995649221791,0.7960246801376343,0.0298288579697026
GATv4,parkinsons,correlation,1.0,NoReadOut,0.6887862284978231,0.0110546823733087,0.7471553087234497,0.008361183943774,0.7708333134651184,0.0072168714823187,0.7655757864316305,0.0261245345916408,0.6842860182126363,0.0277795097770342,0.7078266143798828,0.0241044270362317,0.7242798209190369,0.0188583249527896,0.8020833333333334,0.0137573890771641
GATv4,parkinsons,correlation,1.0,OmicsReadOut,0.7575982411702474,0.0200091301531137,0.7906174858411154,0.0242257722578055,0.7916666666666666,0.031457641111853,0.791757603486379,0.0109413712814587,0.7095433672269186,0.0614067393745414,0.7211079200108846,0.0548868416627444,0.7242798407872518,0.0498944699230304,0.7678571542104086,0.093530698311656
GATv4,parkinsons,distance_correlation,0.3,NoReadOut,0.689095119635264,0.0110539878465531,0.7488637367884318,0.0083511058975166,0.7791666587193807,0.0072169058950764,0.7774545152982076,0.0196093910716176,0.6658652822176615,0.0293978603587376,0.6906059384346008,0.0286449099439847,0.7078189253807068,0.0310692589926697,0.7901785969734192,0.0162846257236382
GATv4,parkinsons,distance_correlation,0.3,OmicsReadOut,0.781214694182078,0.0285885304677299,0.8119647900263468,0.0284517051423437,0.812500019868215,0.0330718936411518,0.8179393609364828,0.0112746578001244,0.7249432603518168,0.0373782731203686,0.7365887562433878,0.0357735576407379,0.7366255124409994,0.0356389186758471,0.7888499101003011,0.0259607599017793
GATv4,parkinsons,distance_correlation,0.5,NoReadOut,0.672499418258667,0.0093503936345768,0.7351536353429159,0.008051002316355,0.762499988079071,0.0,0.765818198521932,0.0083873371274682,0.664102574189504,0.0421909700920432,0.6916675567626953,0.0349931288647358,0.7160493731498718,0.0213833305578536,0.7993197441101074,0.0036820962490291
GATv4,parkinsons,distance_correlation,0.5,OmicsReadOut,0.7431941827138265,0.0301529291537071,0.7849365870157877,0.0255808364747312,0.7916666666666666,0.0260208335832715,0.7854545513788859,0.0088177185580453,0.7103372812271118,0.0123378793349005,0.725127637386322,0.0113540131466924,0.7283950448036194,0.0123456716537475,0.8213222424189249,0.0184076340061191
GATv4,parkinsons,distance_correlation,0.8,NoReadOut,0.713313361008962,0.0861523905730661,0.7651220957438151,0.0680089006716836,0.7916666666666666,0.0505181692017468,0.8086060682932535,0.0198184646939465,0.6451149582862854,0.051494424725109,0.6749010880788168,0.0409458821054815,0.7037037014961243,0.0213833305578536,0.769345243771871,0.0069959325218825
GATv4,parkinsons,distance_correlation,0.8,OmicsReadOut,0.7747559944788615,0.0300837336200881,0.8048319419225057,0.0323737659895856,0.8083333174387614,0.0314576450592633,0.8178181846936544,0.0011354426013278,0.6671147147814432,0.0423405067547615,0.680811862150828,0.0432163977179323,0.6831275622049967,0.046739992637311,0.7689732313156128,0.0202656530249177
GATv4,parkinsons,distance_correlation,1.0,NoReadOut,0.7024336655934652,0.046485162896943,0.7619649767875671,0.0328585044631645,0.7874999841054281,0.021650648859714,0.788121223449707,0.0217736875740481,0.6364219586054484,0.0286205655407324,0.6646346847216288,0.0213208958257894,0.6872428059577942,0.0071277768526178,0.7833758393923441,0.0041617668980059
GATv4,parkinsons,distance_correlation,1.0,OmicsReadOut,0.7721173961957296,0.0170672864979057,0.8018504778544108,0.0182605805384922,0.800000011920929,0.0216506144469563,0.810424268245697,0.0079134717912956,0.6413587530454,0.0793716807379741,0.6573441028594971,0.0722317323479324,0.6584362188975016,0.0679946864461452,0.7729060451189677,0.0239690752161241
GATv4,parkinsons,random,0.3,NoReadOut,0.5727322896321615,0.1711774764747341,0.6473553776741028,0.1257714121547226,0.725000003973643,0.0649519121663844,0.7689696947733561,0.0177599565983485,0.483551541964213,0.0966857180045347,0.5253394345442454,0.0612662585434451,0.5843621492385864,0.0188583249527896,0.5768495003382365,0.0663472518203996
GATv4,parkinsons,random,0.3,OmicsReadOut,0.791782001654307,0.0301136858147417,0.829861581325531,0.0211296070937593,0.8416666785875956,0.0144337773773952,0.7992727160453796,0.0301006241218386,0.5961993932723999,0.096521663595763,0.6277584234873453,0.0823398119674128,0.6543209950129191,0.0617283880710625,0.7523384292920431,0.0306144726883293
GATv4,parkinsons,random,0.5,NoReadOut,0.5438027183214823,0.1480263594769688,0.6512492100397745,0.1046946046793055,0.725000003973643,0.0649519121663844,0.7454545696576437,0.0443636349967277,0.4699086745580037,0.1191801935374559,0.5290085077285767,0.100179435794407,0.6213991840680441,0.0633530993390811,0.5785501599311829,0.1000819991648492
GATv4,parkinsons,random,0.5,OmicsReadOut,0.7597823739051819,0.0410920847068658,0.8019418319066366,0.0360194593480714,0.8125,0.0375000238418579,0.8030302921930949,0.0339651354353436,0.6540859142939249,0.0170392128268826,0.6765137314796448,0.0153682949975824,0.6872428059577942,0.0142555537052357,0.7731717626253763,0.0105246316548415
GATv4,parkinsons,random,0.8,NoReadOut,0.5437520345052084,0.1299006633356781,0.6492228309313456,0.082828211064885,0.7208333412806193,0.0288675203420328,0.7007273038228353,0.0696503963590263,0.4733708302179972,0.0978686994107017,0.5274847050507864,0.0804896417699958,0.604938268661499,0.0617284178733825,0.5474064946174622,0.078577509666228
GATv4,parkinsons,random,0.8,OmicsReadOut,0.7557909687360128,0.0575788086572445,0.7928695281346639,0.0484565366938586,0.7958333293596903,0.047324259305747,0.7684848507245382,0.0337875410566677,0.5862391193707784,0.0512083111545071,0.6124643087387085,0.041760455225253,0.6255143880844116,0.0285111074104715,0.6703869104385376,0.0271670102245169
GATv4,parkinsons,random,1.0,NoReadOut,0.5297486980756124,0.1289254395151518,0.6127461592356364,0.0910382622561318,0.700000007947286,0.021650648859714,0.7231515248616537,0.0495805275169776,0.4567744731903076,0.1383066626839103,0.5144813656806946,0.1012400447227346,0.6131687164306641,0.0142555537052357,0.5483631292978922,0.0352563094204973
GATv4,parkinsons,random,1.0,OmicsReadOut,0.7248774170875549,0.0281669020586022,0.7648475766181946,0.0253416163968194,0.7708333333333334,0.0190940731997425,0.7553939421971639,0.0232537920415624,0.5983102520306905,0.0672270367571968,0.6211059093475342,0.060950608706569,0.6296296318372091,0.0565750073753695,0.6717687249183655,0.115220857149393
GATv4,parkinsons,variance,0.3,NoReadOut,0.6326902508735657,0.0472134388987104,0.7023354570070902,0.0507246961201866,0.7458333174387614,0.0401818738443047,0.7532121340433756,0.0043838127051601,0.5820128917694092,0.0506598803111579,0.6157958507537842,0.0534743030849708,0.646090547243754,0.0679946918572985,0.7051445643107096,0.0738952389326075
GATv4,parkinsons,variance,0.3,OmicsReadOut,0.7808955709139506,0.0163549253080193,0.8118795156478882,0.0175234441496605,0.8125,0.0216506144469563,0.8372727433840433,0.0363759322718644,0.6243283351262411,0.0352467132372554,0.6388740539550781,0.0348598024245668,0.6378600796063741,0.0356389186758471,0.7109375397364298,0.0230006395013047
GATv4,parkinsons,variance,0.5,NoReadOut,0.6325397888819376,0.0346958370509135,0.7043201128641764,0.0373032228767835,0.7416666547457377,0.0360843918243516,0.7343030174573263,0.0058332900102098,0.5537541508674622,0.0624890542738907,0.5901493032773336,0.0598498085813147,0.6213991840680441,0.0621385456172411,0.6448766986529032,0.1244792698690338
GATv4,parkinsons,variance,0.5,OmicsReadOut,0.7596933046976725,0.0152891745535495,0.7991422812143961,0.0172763506273063,0.8083333373069763,0.0190940471861295,0.8060606122016907,0.0149105963863483,0.6313787301381429,0.0698690812726807,0.6522214611371359,0.0670129379168788,0.6584362188975016,0.0679946864461452,0.7135416666666666,0.0728649517875107
GATv4,parkinsons,variance,0.8,NoReadOut,0.6681759754816691,0.1023435706086794,0.7204241156578064,0.1069032758181995,0.7666666706403097,0.0710780073908344,0.7190303007761637,0.0250389953913008,0.5850647489229838,0.0096674376055287,0.6120715737342834,0.0077208218008683,0.6296296318372091,0.0246913731098235,0.6582695841789246,0.0731643942108083
GATv4,parkinsons,variance,0.8,OmicsReadOut,0.7621432741483053,0.016228800106777,0.8009646733601888,0.0157437988614539,0.8125,0.012499988079071,0.8006666898727417,0.0336360173597437,0.6816452741622925,0.0744709319830791,0.6974732279777527,0.0716763268252507,0.6995884776115417,0.0723390903254273,0.7193345824877421,0.029524303406451
GATv4,parkinsons,variance,1.0,NoReadOut,0.6768921415011088,0.0319165083111804,0.7386289238929749,0.0326902096588474,0.762499988079071,0.0450694058215208,0.7112727165222168,0.0073810120559945,0.5874044895172119,0.0212304414022895,0.6186461249987284,0.0234262820175779,0.6419753233591715,0.0326636107565334,0.6211734811464945,0.105822690880859
GATv4,parkinsons,variance,1.0,OmicsReadOut,0.7517123818397522,0.0196023893260094,0.7927061120669047,0.0187404663499797,0.800000011920929,0.0216506144469563,0.8226666450500488,0.0705795141941719,0.6269092162450155,0.0507233017229376,0.6474084059397379,0.0528752518886141,0.6543209950129191,0.0617283880710625,0.6900509794553121,0.0745955258645196
chebnet,parkinsons,correlation,0.3,NoReadOut,0.6952437162399292,0.0069668536082927,0.7453180948893229,0.0017556543305835,0.7541666626930237,0.0072168714823187,0.7184242407480875,0.0168859371363425,0.6292600035667419,0.0429824016340932,0.6577604015668234,0.0396167519968983,0.6790123383204142,0.037037044763569,0.752763589223226,0.023383359612966
chebnet,parkinsons,correlation,0.3,OmicsReadOut,0.8037958343823751,0.0346462368560912,0.8320198853810629,0.0350668176842249,0.8375000158945719,0.0330718936411518,0.8480000098546346,0.0044684109023216,0.7556446194648743,0.0445534763764378,0.7693073749542236,0.0406148208303329,0.7736625472704569,0.0377166759191856,0.793367346127828,0.0057064902093788
chebnet,parkinsons,correlation,0.5,NoReadOut,0.7198924819628397,0.0129849902802094,0.7663341959317526,0.0102760862117188,0.774999996026357,0.0125000178814052,0.6816969911257426,0.0223017020983063,0.6887271205584208,0.019060831312675,0.7076807419459025,0.0149564505004153,0.7160493731498718,0.0123456716537475,0.75584610303243,0.0293823312715838
chebnet,parkinsons,correlation,0.5,OmicsReadOut,0.7865711450576782,0.0088256334923176,0.8174533446629842,0.0120551645760075,0.824999988079071,0.012499988079071,0.8310908675193787,0.0146304622206944,0.7256124416987101,0.0442412127477135,0.740002433458964,0.0391197996667463,0.7448559800783793,0.0377166824225804,0.7869366804758707,0.0082003793899166
chebnet,parkinsons,correlation,0.8,NoReadOut,0.6628311276435852,0.0124083112843341,0.7253673473993937,0.0083221241366517,0.75,0.0,0.6387878656387329,0.0109413527925462,0.6195614337921143,0.0607267681695139,0.6497059265772501,0.0510363551389091,0.6748971343040466,0.0356388842630894,0.7305484414100647,0.0287679683384231
chebnet,parkinsons,correlation,0.8,OmicsReadOut,0.7635324796040853,0.0134138216231108,0.7984927495320638,0.0158074447563393,0.8041666746139526,0.0144337429646375,0.8056970040003458,0.0112026307265474,0.7120294769605001,0.015833363398781,0.7262699405352274,0.0135550234165166,0.7283950448036194,0.0123456716537475,0.8063881595929464,0.0194778647976205
chebnet,parkinsons,correlation,1.0,NoReadOut,0.6860160628954569,0.0263098448616842,0.7406297922134399,0.0196150821421054,0.7666666507720947,0.0072168714823187,0.675636370976766,0.0033327648377545,0.6399602095286051,0.0140296236131876,0.6604976455370585,0.0128159851483681,0.6666666865348816,0.0123456716537475,0.6528486609458923,0.0699042713276227
chebnet,parkinsons,correlation,1.0,OmicsReadOut,0.7654824256896973,0.0157075113117511,0.8065155943234762,0.0134599207323766,0.8166666626930237,0.0144337429646375,0.7910303274790446,0.010647372538591,0.6949887275695801,0.031101470518399,0.711503287156423,0.0271586697155961,0.7160493731498718,0.0246913433074951,0.8054847121238708,0.0127551257611365
chebnet,parkinsons,distance_correlation,0.3,NoReadOut,0.7054792245229086,0.041768064630484,0.7635011474291483,0.0291629430252124,0.7916666666666666,0.0144337773773952,0.7214545408884684,0.0050386815709108,0.6093934575716654,0.0406855276601614,0.6456718444824219,0.034701936281998,0.6872428059577942,0.0310692589926697,0.7123724420865377,0.0368078923736503
chebnet,parkinsons,distance_correlation,0.3,OmicsReadOut,0.8074625531832377,0.0039960570006519,0.8396406173706055,0.004698902431205,0.8458333412806193,0.0072169058950764,0.8401817878087362,0.010913656089904,0.6594833532969157,0.0672502463764214,0.6822052597999573,0.0578565809614161,0.6954732338587443,0.0467399926373111,0.7765731414159139,0.0450262914636311
chebnet,parkinsons,distance_correlation,0.5,NoReadOut,0.7067000071207682,0.0047511629799244,0.7626789410909017,0.002563956925645,0.7833333214124044,0.0144337773773952,0.6875151594479879,0.0016795662592434,0.5823713143666586,0.0186020256634157,0.618225117524465,0.013533216512752,0.6543209950129191,0.0246913731098235,0.6239370902379354,0.0913606987913241
chebnet,parkinsons,distance_correlation,0.5,OmicsReadOut,0.8034917910893759,0.0032036541399652,0.8375899394353231,0.0031650120375324,0.8458333412806193,0.0072169058950764,0.8186060984929403,0.0037453200763814,0.6116682291030884,0.0910234349269891,0.644150992234548,0.0769338971252207,0.6748971144358317,0.0513991632496949,0.7514349818229675,0.0169987223181568
chebnet,parkinsons,distance_correlation,0.8,NoReadOut,0.7093478441238403,0.0141737889929262,0.7687895695368449,0.0128015114538831,0.7958333492279053,0.0144337429646375,0.6625454624493917,0.0012596789958289,0.6352372964223226,0.0182326253160326,0.6604644854863485,0.0162839484873523,0.6748971343040466,0.0142555537052357,0.7291667064030966,0.0137426138288049
chebnet,parkinsons,distance_correlation,0.8,OmicsReadOut,0.8096694350242615,0.0047803883371267,0.8388235569000244,0.0046090243182793,0.8416666587193807,0.0072169058950764,0.8166060845057169,0.0146319229133005,0.6762041052182516,0.0185854623677138,0.6926892399787903,0.0181529944675175,0.6954732537269592,0.0188583249527896,0.7620642383893331,0.0500171551579258
chebnet,parkinsons,distance_correlation,1.0,NoReadOut,0.7052297790845236,0.0069558163023608,0.7678934931755066,0.0039039552979598,0.800000011920929,0.0,0.6543030341466268,0.0307037808021656,0.5778310298919678,0.0531140973246405,0.6146950721740723,0.038947668167407,0.6543209950129191,0.0123457014560819,0.7408588727315267,0.0179970548877624
chebnet,parkinsons,distance_correlation,1.0,OmicsReadOut,0.8036817312240601,0.0028951529548951,0.8340049584706625,0.0070385450667946,0.837499996026357,0.0125000178814052,0.8220606247584025,0.0076651380843149,0.6776469548543295,0.0212082080161616,0.6935423811276754,0.0196143849632747,0.6954732537269592,0.0188583249527896,0.7735437750816345,0.0072018866765916
chebnet,parkinsons,random,0.3,NoReadOut,0.5756756464640299,0.1458589939150665,0.6641010046005249,0.0903422092623522,0.7166666785875956,0.0260208335832715,0.6557575861612955,0.0084918075296855,0.4797943035761515,0.0900871635592504,0.5361701349417368,0.0700723019723396,0.6213991641998291,0.0142555537052357,0.5955569744110107,0.0357375369069329
chebnet,parkinsons,random,0.3,OmicsReadOut,0.7910772164662679,0.0162211600859394,0.8295857508977255,0.0137352565080587,0.8416666785875956,0.0144337773773952,0.8094545205434164,0.0138754710593076,0.6396465500195821,0.0359164187056308,0.6614634792009989,0.0285976093015345,0.6707819104194641,0.0188583249527896,0.7240645885467529,0.0272683738128197
chebnet,parkinsons,random,0.5,NoReadOut,0.5749710996945699,0.0699564765460186,0.6578808824221293,0.0344489827653332,0.699999988079071,0.0,0.6882424354553223,0.0137670374059908,0.4826053182284037,0.0852028715272916,0.5333549578984579,0.0596996426125864,0.604938268661499,0.0123456716537475,0.6209608912467957,0.0145477098384301
chebnet,parkinsons,random,0.5,OmicsReadOut,0.7776507139205933,0.0517880684453817,0.8142836491266886,0.0423195777370591,0.8208333253860474,0.0401818954768081,0.8169696927070618,0.0188296723419678,0.6053077975908915,0.0882064316198083,0.6300372083981832,0.0772558443607835,0.6419753034909567,0.0653271877204086,0.6957908272743225,0.0479982169839244
chebnet,parkinsons,random,0.8,NoReadOut,0.5848398208618164,0.0074984022531117,0.6710476676623026,0.0116165081422762,0.7166666785875956,0.0144337773773952,0.6753939787546793,0.0058784560968583,0.4794101615746816,0.03914539510309,0.5354452530543009,0.0291471492266629,0.6172839403152466,0.0,0.5971513589223226,0.0069959325218825
chebnet,parkinsons,random,0.8,OmicsReadOut,0.7759414712587992,0.055408382656594,0.8151596784591675,0.0455461339785204,0.825000007947286,0.0433012633066703,0.808242400487264,0.022829087475926,0.6544092496236166,0.048862266086152,0.6795209844907125,0.0392710436811359,0.6995884776115417,0.0310692589926697,0.7735437949498495,0.0193967611321103
chebnet,parkinsons,random,1.0,NoReadOut,0.6796009341875712,0.0114541321423607,0.7364152272542318,0.0082638859388433,0.7541666626930237,0.0072168714823187,0.6758788029352824,0.0113214955098255,0.5241769949595133,0.0090561477482397,0.567318320274353,0.009283576780372,0.6131687164306641,0.0142555537052357,0.5869472821553549,0.0107917000620253
chebnet,parkinsons,random,1.0,OmicsReadOut,0.7404220501581827,0.0268285644479509,0.7836083173751831,0.0194073500103737,0.7916666666666666,0.0144337773773952,0.7722424467404684,0.0282616754918075,0.600253164768219,0.0535362122771767,0.628420094648997,0.0479844194296015,0.6460905273755392,0.0433566050792573,0.7288477619489034,0.0295325029994067
chebnet,parkinsons,variance,0.3,NoReadOut,0.7003946304321289,0.0070905924326492,0.7470980882644653,0.007333620305057,0.7583333253860474,0.0072168714823187,0.7185454567273458,0.0063402270077451,0.4959884881973266,0.0069710544420964,0.5390690167744955,0.009130301063426,0.5802469253540039,0.0213833305578536,0.4993622501691182,0.0112107427323803
chebnet,parkinsons,variance,0.3,OmicsReadOut,0.7586716214815775,0.0360956267671184,0.8013980984687805,0.0284885518616996,0.8125,0.024999976158142,0.8033939599990845,0.0257985167951303,0.6975591580073038,0.0169792053336258,0.7146175901095072,0.0144167600062109,0.7201645970344543,0.0142555537052357,0.7450042565663656,0.0074260019788543
chebnet,parkinsons,variance,0.5,NoReadOut,0.7154397765795389,0.0050880871716057,0.7706016898155212,0.0029551555834158,0.7916666865348816,0.0072168714823187,0.7350302934646606,0.0015139202851011,0.4651642739772796,0.0212460448325443,0.51424107948939,0.0151166918544963,0.5679012537002563,0.0,0.5454932053883871,0.0118343550337912
chebnet,parkinsons,variance,0.5,OmicsReadOut,0.7392789920171102,0.028690230435072,0.7864490946133932,0.024634066868055,0.799999992052714,0.0250000059604704,0.805212140083313,0.0594857599543953,0.6878676613171896,0.0524500338446797,0.7042685747146606,0.0524170759506686,0.7078189452489217,0.0556697476958107,0.7366602818171183,0.019082326322266
chebnet,parkinsons,variance,0.8,NoReadOut,0.7189858555793762,0.0063593538299555,0.7725536028544108,0.0055408868630605,0.7958333492279053,0.0072168714823187,0.6896969874699911,0.0004199044695289,0.5116361578305563,0.0230472564420485,0.5543369054794312,0.0179284709402262,0.596707820892334,0.0071277768526178,0.5590986510117849,0.0577558806845732
chebnet,parkinsons,variance,0.8,OmicsReadOut,0.763601541519165,0.0293803736701257,0.8039161761601766,0.0236908780258311,0.8125,0.0216506144469563,0.793515145778656,0.0135577824080534,0.6151983936627706,0.0301356684563807,0.6343603928883871,0.0244110704330842,0.6378600796063741,0.0188583509664027,0.6889880696932474,0.0276254506596619
chebnet,parkinsons,variance,1.0,NoReadOut,0.6953234871228536,0.0302594212344909,0.7467973232269287,0.0259216995643449,0.7666666706403097,0.0190940797031324,0.6947878996531168,0.0123921330967898,0.5420011281967163,0.0358735773228219,0.5848028063774109,0.0313868565111659,0.6337448557217916,0.031069290571985,0.6007653077443441,0.0465036706918939
chebnet,parkinsons,variance,1.0,OmicsReadOut,0.7897837360699972,0.0429457916278299,0.820011556148529,0.0342519730140964,0.8208333452542623,0.031457641111853,0.8526666760444641,0.0316365315305213,0.6233973701794943,0.047420733864723,0.6401663819948832,0.0391572145495816,0.6419753233591715,0.0326636107565334,0.6848426858584086,0.0636800375742302
gatv2,parkinsons,correlation,0.3,NoReadOut,0.6716257333755493,0.0034558298338636,0.712674637635549,0.0047355916877942,0.7291666666666666,0.0190940731997425,0.7081212004025778,0.0247842277143784,0.6927462418874105,0.0262475500337013,0.704715887705485,0.0247535047436892,0.7037037014961243,0.0246913433074951,0.6988733410835266,0.009621116508856
gatv2,parkinsons,correlation,0.3,OmicsReadOut,0.7802833517392477,0.019276745827844,0.8172595699628195,0.0180465131550462,0.825000007947286,0.021650648859714,0.8489696979522705,0.0222661299145362,0.7248172561327616,0.0450981742666971,0.7385863264401754,0.0429623873194769,0.7407407363255819,0.042766695528465,0.8077699740727743,0.0252116791962902
gatv2,parkinsons,correlation,0.5,NoReadOut,0.6755597591400146,0.0190617605514754,0.7247677048047384,0.0163439346600577,0.7458333373069763,0.0190940471861295,0.6749091148376465,0.0327515162405232,0.6586306691169739,0.0377834893603402,0.6739797989527384,0.0359228686775785,0.6748971343040466,0.0356388842630894,0.7026998202006022,0.0084627359463233
gatv2,parkinsons,correlation,0.5,OmicsReadOut,0.7857404947280884,0.0125672663781613,0.8181626001993815,0.0121945468036937,0.8208333253860474,0.0144337429646375,0.8174545168876648,0.0280636499941102,0.7085892160733541,0.0350883098148988,0.7244470516840616,0.0331072913044401,0.7283950646718343,0.0326636107565334,0.7796024878819784,0.0520897148405911
gatv2,parkinsons,correlation,0.8,NoReadOut,0.7082507212956747,0.015213197924312,0.7650811473528544,0.0169517620705257,0.787500003973643,0.0250000059604704,0.6705454587936401,0.0174696595950014,0.5949157476425171,0.0255518102351598,0.6274614135424296,0.0233193706264202,0.6543209751447042,0.0213833649706113,0.7207695444424947,0.0029628874090454
gatv2,parkinsons,correlation,0.8,OmicsReadOut,0.7576700846354166,0.0474433248235979,0.8007410367329916,0.0371762203890999,0.812500019868215,0.0330718936411518,0.8047878543535868,0.0134893034648676,0.6505027612050375,0.0049454674072465,0.6762231787045797,0.0025477715265183,0.6954732537269592,0.0188583249527896,0.7831632693608602,0.015078563990898
gatv2,parkinsons,correlation,1.0,NoReadOut,0.6665451327959696,0.0111229450179934,0.7304424047470093,0.008297919726121,0.7666666507720947,0.0072168714823187,0.6872727473576864,0.0170405376542506,0.611756960550944,0.0845835735361305,0.6449376742045084,0.0697133672749828,0.6790123383204142,0.0445129769746666,0.7208758592605591,0.0042464112894285
gatv2,parkinsons,correlation,1.0,OmicsReadOut,0.7707918087641398,0.0273796342454584,0.8141656915346781,0.0217039805687145,0.8291666706403097,0.0190940797031324,0.8032121658325195,0.0048253426712964,0.6229461034138998,0.0268699696913599,0.6521733601888021,0.0267412924634628,0.6748971144358317,0.031069290571985,0.7731186350186666,0.0107630013155481
gatv2,parkinsons,distance_correlation,0.3,NoReadOut,0.6923920114835104,0.0094174576599194,0.7385448217391968,0.0075369193964542,0.7666666507720947,0.0072168714823187,0.7122424443562826,0.0376242185468891,0.6725528836250305,0.0154719739525234,0.6889871954917908,0.0137006165620714,0.6913580298423767,0.0123456716537475,0.691007653872172,0.0071231571737238
gatv2,parkinsons,distance_correlation,0.3,OmicsReadOut,0.8159146308898926,0.0174597159013371,0.8436881899833679,0.0168863272559723,0.8458333412806193,0.0190940797031324,0.8396363655726115,0.0028400972408471,0.6941150625546774,0.0094330670185585,0.7110909620920817,0.0055693254383135,0.7160493731498718,0.0,0.776360551516215,0.0085894873106029
gatv2,parkinsons,distance_correlation,0.5,NoReadOut,0.6855853597323099,0.0137169566904806,0.7388322353363037,0.0232197650939707,0.7708333333333334,0.0260208335832715,0.6872727274894714,0.0221430391041858,0.6323654452959696,0.0468399960070962,0.6613723238309225,0.0350873165825772,0.6872428059577942,0.0142555537052357,0.6955782572428385,0.0141795775673045
gatv2,parkinsons,distance_correlation,0.5,OmicsReadOut,0.7865034143129984,0.0124902003350321,0.8204903801282247,0.0114999686372726,0.824999988079071,0.012499988079071,0.8046060999234518,0.01094135213215,0.6874987085660299,0.0192742252005229,0.7042188048362732,0.0185859682527274,0.7078189253807068,0.0188583249527896,0.7829506993293762,0.015310544397216
gatv2,parkinsons,distance_correlation,0.8,NoReadOut,0.721563438574473,0.0071895477527002,0.7798481186230978,0.0064490540323819,0.8083333373069763,0.0072168714823187,0.6586666901906332,0.024058719053601,0.6083518465360006,0.0421144291879198,0.6376371184984843,0.0363894030802056,0.6584361990292867,0.0285111418232292,0.7171556154886881,0.0119270423950919
gatv2,parkinsons,distance_correlation,0.8,OmicsReadOut,0.8132693767547607,0.0319807489250751,0.8459298809369405,0.0238706786992069,0.8541666666666666,0.0190940731997425,0.8195151487986246,0.0136015524054703,0.694107711315155,0.0277838836871038,0.7141836881637573,0.0259896113710207,0.7242798407872518,0.0256995983275164,0.7516475518544515,0.0265398698873445
gatv2,parkinsons,distance_correlation,1.0,NoReadOut,0.709229310353597,0.006984241240226,0.76873379945755,0.0063524574215011,0.7958333492279053,0.0072168714823187,0.652848502000173,0.0130166416985937,0.5813578963279724,0.019785426670804,0.6146918733914694,0.0161964736211566,0.6419753034909567,0.0123457014560819,0.706632673740387,0.006898377008242
gatv2,parkinsons,distance_correlation,1.0,OmicsReadOut,0.7967101136843363,0.0287919795683302,0.8324713706970215,0.0220873792295949,0.8416666587193807,0.0190940797031324,0.8292121291160583,0.0051469047380389,0.6849183638890585,0.0318902560888255,0.7039858301480612,0.0339478669525651,0.7119341492652893,0.0396857819462106,0.761904776096344,0.0440516421427836
gatv2,parkinsons,random,0.3,NoReadOut,0.5326017737388611,0.0418305640069479,0.6424883802731832,0.0261795845157046,0.7166666587193807,0.0072169058950764,0.6424242258071899,0.0102938094760778,0.4305800000826518,0.0478566991389646,0.4939412573973338,0.0350888660323389,0.5925925970077515,0.0213833305578536,0.5389030575752258,0.0645079054232242
gatv2,parkinsons,random,0.3,OmicsReadOut,0.7870428562164307,0.0112211743817494,0.8242293993631998,0.0114926566272922,0.8333333333333334,0.0144337773773952,0.8089091380437216,0.0162612549047201,0.7171409328778585,0.004005957026204,0.7308197617530823,0.0047619836580948,0.7325102686882019,0.0071277768526178,0.7659969925880432,0.0261208466957589
gatv2,parkinsons,random,0.5,NoReadOut,0.5905493100484213,0.0103954942724007,0.6628902157147726,0.0120406813281177,0.7083333134651184,0.0072168714823187,0.6283636291821798,0.0245878658120116,0.4367209275563558,0.0087596320001802,0.4946311116218567,0.0064284593309097,0.5720164775848389,0.0071277768526178,0.5231717427571615,0.0182884917916952
gatv2,parkinsons,random,0.5,OmicsReadOut,0.7512880563735962,0.0314631682555596,0.7972549796104431,0.0202047707138741,0.8125,0.012499988079071,0.8149091005325317,0.00797517188163,0.6008277932802836,0.0141570802945299,0.6299169460932413,0.0078297600201954,0.6502057711283366,0.0071278112653755,0.7087585131327311,0.0345939385490919
gatv2,parkinsons,random,0.8,NoReadOut,0.6217147509256998,0.0446514748545688,0.6911641359329224,0.0333827449657851,0.725000003973643,0.0250000059604704,0.6824242472648621,0.0074641624989167,0.4605794449647267,0.0541767270840362,0.5130485991636912,0.0371868781035404,0.5802469253540039,0.0123456716537475,0.5634566346804301,0.0184756453906268
gatv2,parkinsons,random,0.8,OmicsReadOut,0.7374756534894308,0.0258388893886772,0.7834898829460144,0.0146140682015121,0.800000011920929,0.012499988079071,0.7956363360087076,0.0190206673489791,0.5709408720334371,0.0875465316519236,0.6062572399775187,0.0707842393989151,0.6419753034909567,0.042766695528465,0.7164647181828817,0.033060500401025
gatv2,parkinsons,random,1.0,NoReadOut,0.6363528569539388,0.0074839695837852,0.7051573197046915,0.0030253345652504,0.737500011920929,0.0,0.6555151542027792,0.0105475223620813,0.5248576800028483,0.016998469608888,0.5667293667793274,0.0153839445935048,0.6090534925460815,0.0188583249527896,0.5784438649813334,0.0240747373843404
gatv2,parkinsons,random,1.0,OmicsReadOut,0.7329332232475281,0.0182152562008538,0.78446892897288,0.0105017551510102,0.8041666746139526,0.0072168714823187,0.7877575953801473,0.0176441680797624,0.5566292603810629,0.0569127375799725,0.5919352769851685,0.0473127632307626,0.6213991840680441,0.031069290571985,0.7290603717168173,0.0107492258198183
gatv2,parkinsons,variance,0.3,NoReadOut,0.6867120464642843,0.0392747464823219,0.7427138884862264,0.0299080318594182,0.7583333452542623,0.0260208335832715,0.72339395682017,0.0172308701989319,0.5280722777048746,0.0365724728877732,0.5729780594507853,0.0320914576554715,0.6255143880844116,0.0285111074104715,0.5095662971337637,0.0561550333328004
gatv2,parkinsons,variance,0.3,OmicsReadOut,0.7539146741231283,0.0091533728102101,0.7919903794924418,0.0074524656973082,0.7958333492279053,0.0072168714823187,0.8223030169804891,0.0189695922709478,0.6808687448501587,0.0298961495573765,0.6948719223340353,0.0294862783143646,0.6954732537269592,0.0310692589926697,0.7573341727256775,0.019204256215136
gatv2,parkinsons,variance,0.5,NoReadOut,0.7070733706156412,0.0443166592360832,0.764579176902771,0.0329568994362724,0.787500003973643,0.0250000059604704,0.7340606053670248,0.0112981015658977,0.4739835262298584,0.0462036039941283,0.5224248866240183,0.0370520176628842,0.5761317014694214,0.0188583249527896,0.5442176858584086,0.0404626676175074
gatv2,parkinsons,variance,0.5,OmicsReadOut,0.7406266729036967,0.0469177824076798,0.785285472869873,0.0350836940711714,0.799999992052714,0.021650648859714,0.7827272812525431,0.0439334318924806,0.6261256337165833,0.0312216690890511,0.6457255085309347,0.0253925286970291,0.6502057711283366,0.0188583574697925,0.6847363710403442,0.0542807292759083
gatv2,parkinsons,variance,0.8,NoReadOut,0.6851671735445658,0.0063046328227678,0.7466433842976888,0.0075318109609407,0.7791666587193807,0.0072169058950764,0.6690909067789713,0.0454705332143107,0.541526178518931,0.0221360128658697,0.5816155274709066,0.0172916108844873,0.6213991641998291,0.0071277768526178,0.6012968023618063,0.0323473763149113
gatv2,parkinsons,variance,0.8,OmicsReadOut,0.7402145067850748,0.0290930772069869,0.7815791567166647,0.0194747488410007,0.787500003973643,0.0125000178814052,0.8172121445337931,0.0324785312755285,0.5977299610773722,0.0502651607581681,0.6178829471270243,0.0521786528553522,0.6213992039362589,0.0570222492337007,0.6926020185152689,0.0463591390341064
gatv2,parkinsons,variance,1.0,NoReadOut,0.676882783571879,0.018398843732537,0.736536979675293,0.0124094674638822,0.7666666706403097,0.0190940797031324,0.7003636558850607,0.0700941425967953,0.5577941735585531,0.0203975499207985,0.6010596752166748,0.0148528835432998,0.654321014881134,0.0,0.639455775419871,0.0147697207208069
gatv2,parkinsons,variance,1.0,OmicsReadOut,0.7599084377288818,0.0279726107825649,0.7924469709396362,0.0211170887072138,0.7958333293596903,0.0190940797031324,0.8218181530634562,0.0159503491981628,0.6182476878166199,0.0082798514998877,0.6317432920138041,0.0101449648642174,0.6296296119689941,0.0123456716537475,0.6725659370422363,0.0162926971742071
gcn,parkinsons,correlation,0.3,NoReadOut,0.6850274006525675,0.0150503449536776,0.7327650984128317,0.0152974382018908,0.737499992052714,0.021650648859714,0.6785454551378886,0.0247593709629633,0.6521644989649454,0.0218893191188484,0.6718852321306864,0.0163903902768936,0.6790123581886292,0.0123456716537475,0.6980229616165161,0.0276763059364381
gcn,parkinsons,correlation,0.3,OmicsReadOut,0.7849487860997518,0.0249744765738987,0.8229268391927084,0.022901782404928,0.837499996026357,0.021650648859714,0.8435757557551066,0.0135942723300022,0.7078569531440735,0.1233963915086838,0.7291940450668335,0.108759472934107,0.7448559602101644,0.0893108566382605,0.8177083333333334,0.0401258009098757
gcn,parkinsons,correlation,0.5,NoReadOut,0.7064595421155294,0.0206378147655522,0.7617500424385071,0.0197966020108911,0.787500003973643,0.021650648859714,0.6504242618878683,0.0086766395582098,0.5669570565223694,0.0357874369257505,0.6046069463094076,0.0282353675148647,0.6419753034909567,0.0123457014560819,0.7123724420865377,0.0064725321862245
gcn,parkinsons,correlation,0.5,OmicsReadOut,0.7807310620943705,0.0229427806770769,0.8173060417175293,0.0255308776694027,0.825000007947286,0.0330718823769423,0.8206666509310404,0.0141214305476668,0.6943652232487997,0.0697961477101489,0.7132769227027893,0.0585295867394935,0.7242798407872518,0.043356602250548,0.7876275380452474,0.0455079380801217
gcn,parkinsons,correlation,0.8,NoReadOut,0.6810645262400309,0.0179419540463986,0.7397294839223226,0.0187679835377724,0.7666666706403097,0.0190940797031324,0.6543030142784119,0.0135345540838627,0.6323293050130209,0.0340828467178348,0.6601342956225077,0.0235293077316458,0.6831275820732117,0.0071277768526178,0.7345876097679138,0.0174898783957855
gcn,parkinsons,correlation,0.8,OmicsReadOut,0.7782327731450399,0.0271881025076523,0.8132656613985697,0.0236681629023511,0.8208333253860474,0.0190940471861295,0.8210908770561218,0.0121041985719144,0.649960458278656,0.0225144492956685,0.6693731149037679,0.0199694774552183,0.6748971343040466,0.0188583249527896,0.7782738010088602,0.0256876415722787
gcn,parkinsons,correlation,1.0,NoReadOut,0.6704922318458557,0.0170625910346467,0.7355674505233765,0.0168823933448817,0.7708333333333334,0.0144337773773952,0.7015757362047831,0.0123920549726584,0.5817952156066895,0.0206740998184943,0.6183223525683085,0.0175433062566687,0.6543209950129191,0.0123457014560819,0.722257673740387,0.0025310137052932
gcn,parkinsons,correlation,1.0,OmicsReadOut,0.7657463153203329,0.0143153974908865,0.8066890041033427,0.013122857785342,0.8166666626930237,0.0144337429646375,0.8189696868260702,0.012639071865889,0.7269044518470764,0.06388015699924,0.742742915948232,0.056198300483279,0.748971184094747,0.0498944699230304,0.824404795964559,0.017235164780447
gcn,parkinsons,distance_correlation,0.3,NoReadOut,0.6952220400174459,0.0075550315503753,0.7437362472216288,0.0059621869877533,0.7583333253860474,0.0144337429646375,0.7025454640388489,0.0063402064964748,0.6126716136932373,0.0931720658494648,0.6434940298398336,0.0749399281963788,0.6748971144358317,0.049894465006925,0.6926020383834839,0.0329602871260103
gcn,parkinsons,distance_correlation,0.3,OmicsReadOut,0.8068374991416931,0.0133761025866401,0.8375594814618429,0.0127404899355028,0.8416666785875956,0.0144337773773952,0.8540605703989664,0.0282476585527379,0.6948430140813192,0.0099102822924278,0.7130775849024454,0.007478506692253,0.7201645970344543,0.0071277768526178,0.7727997501691183,0.004574011983395
gcn,parkinsons,distance_correlation,0.5,NoReadOut,0.7067576249440511,0.0154277248383216,0.7641979257265726,0.0089127968293771,0.7916666865348816,0.0072168714823187,0.6900606155395508,0.0108014848586346,0.5644105474154154,0.0939824538745066,0.6069906751314799,0.0756099167363703,0.6625514427820841,0.0377166759191856,0.6934524178504944,0.0195254462088814
gcn,parkinsons,distance_correlation,0.5,OmicsReadOut,0.7847108046213785,0.0198390408834938,0.8194643457730612,0.0204637087797216,0.825000007947286,0.0250000059604704,0.8175757527351379,0.0120293701874855,0.6533956329027811,0.0130148171879779,0.6742309133211771,0.0173068598443921,0.6831275820732117,0.0256995649221791,0.7454294363657633,0.02220284197425
gcn,parkinsons,distance_correlation,0.8,NoReadOut,0.7163214683532715,0.0131262302355971,0.7726376255353292,0.009733269976814,0.7958333492279053,0.0072168714823187,0.6751514871915182,0.0334966716989813,0.6446882287661234,0.041100921663041,0.666348397731781,0.036242799001775,0.6748971144358317,0.031069290571985,0.7489370902379354,0.0080754380236495
gcn,parkinsons,distance_correlation,0.8,OmicsReadOut,0.8060031135876974,0.0168993176186097,0.8422047098477682,0.0116031734751881,0.8541666865348816,0.0072168714823187,0.8235151569048563,0.0051082084254159,0.7036243279774984,0.031514644201936,0.7214396397272745,0.0277539317192817,0.7283950646718343,0.0246913731098235,0.774234672387441,0.0513897893681134
gcn,parkinsons,distance_correlation,1.0,NoReadOut,0.7198677062988281,0.0069839659381644,0.7745684583981832,0.0063889693574272,0.7958333492279053,0.0072168714823187,0.6535757382710775,0.0011108977670072,0.6096769571304321,0.0256566496886902,0.6360367139180502,0.0225004059652899,0.6502057711283366,0.0188583574697925,0.7487244606018066,0.0016873800175423
gcn,parkinsons,distance_correlation,1.0,OmicsReadOut,0.7947948773701986,0.0102990948726353,0.8280590176582336,0.0111012088250996,0.8333333333333334,0.0144337773773952,0.8507272799809774,0.0102642764165881,0.7239207228024801,0.0177852959605626,0.7356148560841879,0.01766344796419,0.7366255124409994,0.0188583509664027,0.8090986410776774,0.011971043586523
gcn,parkinsons,random,0.3,NoReadOut,0.5272075434525808,0.0354588861030391,0.6153232256571451,0.0036501710869457,0.7083333134651184,0.0072168714823187,0.6419394214948019,0.0154334894629806,0.4597569704055786,0.0953116343640312,0.5077614784240723,0.0615189766719128,0.5761317014694214,0.0142555537052357,0.5314625898996989,0.0358355370660723
gcn,parkinsons,random,0.3,OmicsReadOut,0.7962939341862997,0.0330822245997906,0.8305988510449728,0.0254619928879598,0.837499996026357,0.021650648859714,0.8024242520332336,0.022826186085131,0.6657046476999918,0.0598308079347522,0.6861103971799215,0.0525576525006447,0.6954732338587443,0.046739992637311,0.7456420063972473,0.020174078524297
gcn,parkinsons,random,0.5,NoReadOut,0.5528757572174072,0.0113625856574541,0.6555845936139425,0.0091481166985839,0.7291666865348816,0.0072168714823187,0.6717575788497925,0.0077764924762816,0.3984730144341786,0.0150607621232493,0.4670708775520324,0.0122359683428911,0.5761317014694214,0.0071277768526178,0.5680271983146667,0.008844674207172
gcn,parkinsons,random,0.5,OmicsReadOut,0.7608930667241415,0.0148421713768397,0.8017573555310568,0.0149815592023354,0.8125,0.0216506144469563,0.8190303246180216,0.0169951731927199,0.6261678139368693,0.015483496952954,0.6508758266766866,0.0109416752278634,0.6666666865348816,0.0213833305578536,0.7438350518544515,0.0236600829992347
gcn,parkinsons,random,0.8,NoReadOut,0.6435333887736002,0.0120683215427575,0.7120700279871622,0.009421298907394,0.7416666746139526,0.0072168714823187,0.656000018119812,0.0107134054685507,0.4622628291447957,0.0500062114686187,0.5138190984725952,0.0376345684293301,0.5761317014694214,0.0071277768526178,0.5748299161593119,0.0325338677773956
gcn,parkinsons,random,0.8,OmicsReadOut,0.7546769380569458,0.0683739900925939,0.7993981838226318,0.0567103787644532,0.8166666825612386,0.0505181347889891,0.7949091196060181,0.0164402286413048,0.5622177124023438,0.059696043110221,0.6029653151830038,0.0470080520352933,0.6502057711283366,0.0188583574697925,0.6965348521868387,0.0924977832453664
gcn,parkinsons,random,1.0,NoReadOut,0.658585786819458,0.0064274084077848,0.7263236045837402,0.0060658679753254,0.7541666626930237,0.0072168714823187,0.6479999621709188,0.014195769721316,0.5269344250361124,0.0231181566117217,0.5702966252962748,0.0193600993398774,0.6172839403152466,0.0123456716537475,0.5627125898996989,0.0090492051522436
gcn,parkinsons,random,1.0,OmicsReadOut,0.7334853609402975,0.0303071969837559,0.778165598710378,0.0244309974896193,0.7958333492279053,0.0144337429646375,0.7755151788393656,0.0121115579399152,0.5932856798171997,0.0189882163243265,0.6211946209271749,0.0127678611978002,0.6378600597381592,0.0071277768526178,0.7251275777816772,0.0213719462625029
gcn,parkinsons,variance,0.3,NoReadOut,0.7102298339207967,0.0013626763796431,0.7631961305936178,0.0034597554214905,0.7791666587193807,0.0072169058950764,0.7321212291717529,0.007063639021322,0.4743883808453877,0.0228475417791084,0.527570645014445,0.0182390712990119,0.596707820892334,0.0071277768526178,0.4802295863628387,0.0332551310058823
gcn,parkinsons,variance,0.3,OmicsReadOut,0.7471214930216471,0.0094532930808383,0.7825950781504313,0.0130333695862876,0.7958333492279053,0.0072168714823187,0.817878802617391,0.0040424219281782,0.6355558832486471,0.0296346581976577,0.647327740987142,0.0346564907185434,0.6502057711283366,0.0396858159401365,0.7117878397305807,0.0281644660618782
gcn,parkinsons,variance,0.5,NoReadOut,0.7193078796068827,0.0290270948150798,0.7679041425387064,0.0252924206109856,0.7791666785875956,0.0260208335832715,0.7413333455721537,0.0224199859383224,0.5019932985305786,0.0085004261468644,0.5454685688018799,0.0050689625554717,0.588477373123169,0.0071277768526178,0.512117346127828,0.0297839368507813
gcn,parkinsons,variance,0.5,OmicsReadOut,0.7428147395451864,0.0097282801269466,0.7865463296572367,0.010794765901014,0.7958333492279053,0.0144337429646375,0.8094545404116312,0.0316927021268775,0.6334996024767557,0.0454970499873132,0.6561367909113566,0.0367852601572046,0.6666666666666666,0.0246913731098234,0.7131165266036987,0.0386096864236513
gcn,parkinsons,variance,0.8,NoReadOut,0.7190777659416199,0.0171818796184336,0.77261350552241,0.0143966897653588,0.7958333492279053,0.0072168714823187,0.7221818168958029,0.0037790197812256,0.5262080629666647,0.0218545072365854,0.5725639263788859,0.0159137730629785,0.6296296119689941,0.0,0.593750019868215,0.0077323967152432
gcn,parkinsons,variance,0.8,OmicsReadOut,0.7273846666018168,0.060091615287413,0.7700403134028116,0.0507492540977311,0.7874999841054281,0.0330718936411518,0.79666668176651,0.0232373760147085,0.6237809658050537,0.0210449030362509,0.642969568570455,0.0195162796167376,0.6460905273755392,0.0188583574697925,0.6824511090914408,0.0142626714537545
gcn,parkinsons,variance,1.0,NoReadOut,0.7053035895029703,0.0137837892098438,0.7665056784947714,0.0102116761344432,0.7958333492279053,0.0072168714823187,0.6921212474505106,0.0142206181532021,0.4300936857859294,0.038020510296347,0.4947086771329244,0.0308176470197535,0.596707820892334,0.0142555537052357,0.5986394286155701,0.0174112223194206
gcn,parkinsons,variance,1.0,OmicsReadOut,0.737526019414266,0.0005679481531802,0.7785426378250122,0.0030680350005228,0.7833333412806193,0.0072169058950764,0.7871514956156412,0.0172768747598399,0.6259911855061849,0.0278931107890679,0.6421919266382853,0.025673558359636,0.6419753034909567,0.0246913731098235,0.692176898320516,0.0208647595048795
gin,parkinsons,correlation,0.3,NoReadOut,0.6874034603436788,0.0293834066102524,0.7362110614776611,0.0254492822538449,0.7416666547457377,0.0260208335832715,0.7013333439826965,0.0025540886548136,0.6028274893760681,0.0425338136704596,0.6339154640833536,0.0361378703965145,0.6584362188975016,0.0256995983275164,0.7049319744110107,0.0077934858603016
gin,parkinsons,correlation,0.3,OmicsReadOut,0.7781806588172913,0.0195013542431272,0.8106110294659933,0.0138198371413627,0.8125,0.012499988079071,0.8416363398234049,0.0091108827326155,0.6926827430725098,0.0201430780063821,0.7101211547851562,0.0211764727635791,0.7160493731498718,0.0246913433074951,0.769929846127828,0.0283554552497735
gin,parkinsons,correlation,0.5,NoReadOut,0.6980087955792745,0.0474005627336108,0.7549552718798319,0.0364608480900088,0.7791666785875956,0.0260208335832715,0.6741818189620972,0.0529263036461327,0.5953947305679321,0.0341851861393138,0.6299906174341837,0.0312622353252796,0.6625514427820841,0.0285111418232292,0.7300170063972473,0.0197635167267565
gin,parkinsons,correlation,0.5,OmicsReadOut,0.7774895628293356,0.0342448878716981,0.8084178566932678,0.0326563986291814,0.812500019868215,0.0330718936411518,0.842424233754476,0.0184608468816647,0.70380699634552,0.0043444730093546,0.7183756430943807,0.0054486407531101,0.7201645970344543,0.0071277768526178,0.8007546861966451,0.0230400429755587
gin,parkinsons,correlation,0.8,NoReadOut,0.69320676724116,0.0181533153235109,0.7539223432540894,0.0160200217875214,0.7791666587193807,0.0190940797031324,0.6401212215423584,0.0074906469043942,0.5812671581904093,0.0347313194476718,0.6168566544850668,0.0291187897630729,0.6502057711283366,0.0188583574697925,0.6652848919232687,0.0260746464267697
gin,parkinsons,correlation,0.8,OmicsReadOut,0.7539727290471395,0.0204484305330667,0.7948797345161438,0.0076513495124165,0.8041666746139526,0.0072168714823187,0.8313939571380615,0.0127133777378308,0.6926575501759847,0.0600931257223435,0.7111714482307434,0.0503980225482528,0.7201646169026693,0.0377166759191856,0.7579187750816345,0.0510354209049603
gin,parkinsons,correlation,1.0,NoReadOut,0.6947147647539774,0.0322916939910736,0.7517673969268799,0.0223054937048966,0.7708333333333334,0.0144337773773952,0.6758788029352824,0.0283573964030926,0.645867665608724,0.0339774794994151,0.6694365938504537,0.0269015239395067,0.6831275820732117,0.0188583249527896,0.6662414868672689,0.0153636270978049
gin,parkinsons,correlation,1.0,OmicsReadOut,0.7573913335800171,0.0070797710556179,0.8000917434692383,0.0047729118427946,0.8125,0.0,0.7910909056663513,0.0030909180641174,0.7013911604881287,0.0696726404072869,0.7199093699455261,0.0615103459723254,0.7283950646718343,0.0538135693144287,0.7833758592605591,0.0207401753587267
gin,parkinsons,distance_correlation,0.3,NoReadOut,0.716405967871348,0.0120106443603866,0.7678100864092509,0.011739735193691,0.7833333412806193,0.0190940797031324,0.7073939243952433,0.0455712496950432,0.6450390815734863,0.0878928471034699,0.6725911299387614,0.0690673216429847,0.6995884776115417,0.0310692589926697,0.6981292963027954,0.0261894067955691
gin,parkinsons,distance_correlation,0.3,OmicsReadOut,0.8134757081667582,0.0143077781013773,0.844373365243276,0.0120926060311719,0.850000003973643,0.0125000178814052,0.8513333201408386,0.0040506619337937,0.6736424167950948,0.003447338924167,0.6970395445823669,0.0036266597184523,0.7119341492652893,0.0071277768526178,0.7647746404012045,0.026859824731183
gin,parkinsons,distance_correlation,0.5,NoReadOut,0.7053933143615723,0.0072817467276713,0.7617036700248718,0.0037925579371293,0.7916666865348816,0.0072168714823187,0.6816969911257426,0.0575894274666557,0.6360143621762594,0.0410383596960281,0.6639190117518107,0.0310622710347806,0.6872428059577942,0.0188583249527896,0.6832483013470968,0.0515451973132395
gin,parkinsons,distance_correlation,0.5,OmicsReadOut,0.79230930407842,0.0103326844128614,0.8266980449358622,0.0100609772520295,0.837499996026357,0.0125000178814052,0.8440000216166178,0.0146406086802761,0.629976729551951,0.055366915887165,0.6564682324727377,0.0486361033147762,0.6748971144358317,0.0433566050792573,0.6939307053883871,0.0202696234413467
gin,parkinsons,distance_correlation,0.8,NoReadOut,0.721563438574473,0.0071895477527002,0.7798481186230978,0.0064490540323819,0.8083333373069763,0.0072168714823187,0.6880000034968058,0.0312219263063195,0.5975317358970642,0.0332603963732578,0.6313977440198263,0.0278993585922569,0.6625514427820841,0.0188583574697925,0.6785714427630106,0.0438708718752538
gin,parkinsons,distance_correlation,0.8,OmicsReadOut,0.7884339888890585,0.0295254578347147,0.818152924378713,0.0273277220796597,0.8208333452542623,0.0260208335832715,0.841757575670878,0.0014122593385818,0.7088627815246582,0.0258531138092207,0.7261011401812235,0.0221956096746063,0.7325102885564169,0.0188583574697925,0.7527104417483012,0.0183097905187662
gin,parkinsons,distance_correlation,1.0,NoReadOut,0.7079728643099467,0.0061570052122003,0.7664131919542948,0.0056413043978006,0.7958333492279053,0.0072168714823187,0.6787878473599752,0.0052612354957061,0.5893539587656657,0.0247431037513679,0.6210929354031881,0.0189628103013018,0.646090547243754,0.0142555881179934,0.6454081932703654,0.0184949040413222
gin,parkinsons,distance_correlation,1.0,OmicsReadOut,0.7785032192866007,0.0216349040437229,0.8148040175437927,0.0187521409581982,0.8208333253860474,0.0190940471861295,0.8384242256482443,0.0178527809212187,0.7231885194778442,0.0458438058291848,0.7393819292386373,0.0414770238444983,0.7448559800783793,0.0377166824225804,0.8106398582458496,0.0164557271966897
gin,parkinsons,random,0.3,NoReadOut,0.5352029999097189,0.0296852223822886,0.6359041134516398,0.012439900712886,0.7124999761581421,0.0,0.6206060647964478,0.0173532308211333,0.4613844156265259,0.0210912160383099,0.5213824113210043,0.0192811196563773,0.6131687164306641,0.0188583249527896,0.4742771983146667,0.0806610949482461
gin,parkinsons,random,0.3,OmicsReadOut,0.7596462567647299,0.0403993386875945,0.8065792322158813,0.0296351657281811,0.825000007947286,0.021650648859714,0.8203636407852173,0.0047690798278185,0.6310471494992574,0.0528071089044594,0.6577826142311096,0.0389507374145116,0.6790123581886292,0.0123456716537475,0.7401148080825806,0.0113235737038039
gin,parkinsons,random,0.5,NoReadOut,0.5841209491093954,0.0137516821069041,0.6634227236111959,0.0100262257831654,0.6958333253860474,0.0072168714823187,0.5578181743621826,0.0181818008422851,0.3846019804477691,0.0331507877318585,0.4517391721407572,0.0250094886718467,0.5514403382937113,0.0071278112653755,0.4098639488220215,0.0081256585186604
gin,parkinsons,random,0.5,OmicsReadOut,0.7464755773544312,0.0199010116184169,0.793371856212616,0.0132295328633293,0.8083333373069763,0.0072168714823187,0.8206060727437338,0.0097664136938411,0.5230183800061544,0.0120937029548904,0.5620770255724589,0.0161289166269246,0.596707820892334,0.0310692589926697,0.5874787171681722,0.036035044349008
gin,parkinsons,random,0.8,NoReadOut,0.5662837823232015,0.0254704761360476,0.6551045179367065,0.0196221134163746,0.7041666507720947,0.0072168714823187,0.6324848532676697,0.0040055106905168,0.3760141332944234,0.0197610625965261,0.4509330292542775,0.0170619165577694,0.5802469253540039,0.0123456716537475,0.5325255195299784,0.0376437881230959
gin,parkinsons,random,0.8,OmicsReadOut,0.7282745242118835,0.0175717112217464,0.766521672407786,0.0145182985118971,0.7666666507720947,0.0144337429646375,0.8018181721369425,0.0061817765236858,0.5328060785929362,0.0278639173134524,0.5626602371533712,0.0262110953071908,0.5761317014694214,0.0256995649221791,0.5617027680079142,0.028604506916778
gin,parkinsons,random,1.0,NoReadOut,0.698732316493988,0.0126633336652506,0.7522948582967123,0.0139954255831038,0.7666666706403097,0.0190940797031324,0.7709090709686279,0.0105642258356051,0.499968558549881,0.0227362851525898,0.5449178814888,0.0201299170208212,0.5925925970077515,0.0246913433074951,0.5346513589223226,0.0513950248379524
gin,parkinsons,random,1.0,OmicsReadOut,0.7670864661534628,0.0161289610294059,0.8088900844256083,0.0150290735148298,0.824999988079071,0.012499988079071,0.7929696639378866,0.0305656470241889,0.5270744562149048,0.0117483908811963,0.560666044553121,0.0092508809140037,0.5843621492385864,0.0256995649221791,0.5812074740727743,0.0288144912926959
gin,parkinsons,variance,0.3,NoReadOut,0.7193466027577718,0.0693780996247782,0.7697161634763082,0.05572690770973,0.7958333293596903,0.0381881203858654,0.7646060784657797,0.0341921482881903,0.4754069944222768,0.0455852281801235,0.519915908575058,0.0325554073820199,0.5637860298156738,0.0071277768526178,0.5868410070737203,0.0428890977746387
gin,parkinsons,variance,0.3,OmicsReadOut,0.7261479099591573,0.0159079197923552,0.7760509451230367,0.0064854273283166,0.7916666865348816,0.0072168714823187,0.765818178653717,0.0247593193141417,0.6652140021324158,0.0245022479798716,0.6857849756876627,0.0230207227701815,0.6954732537269592,0.0256995649221791,0.7278911670049032,0.0185863458346394
gin,parkinsons,variance,0.5,NoReadOut,0.7560956676801046,0.0104801271159027,0.7999367515246073,0.0090765943889854,0.8125,0.012499988079071,0.7878787517547607,0.0206772192009294,0.5110919376214346,0.0236191680095047,0.5550233920415243,0.0210780634553579,0.6008230447769165,0.0188583249527896,0.6766581932703654,0.0251973484360232
gin,parkinsons,variance,0.5,OmicsReadOut,0.7191094756126404,0.0361481880303454,0.7688945333162943,0.0225197221031546,0.7833333214124044,0.0144337773773952,0.7755151391029358,0.0071751051689805,0.613821268081665,0.0337985735193396,0.6309798161188761,0.024482615467499,0.6337448557217916,0.0188583574697925,0.6843112309773763,0.0143601168695564
gin,parkinsons,variance,0.8,NoReadOut,0.7088496685028076,0.017674183303396,0.7670659422874451,0.0146088938345398,0.7916666666666666,0.0144337773773952,0.697454551855723,0.0069377199089805,0.5383892953395844,0.0516435403140353,0.5802199045817057,0.0422360811003155,0.6255144079526266,0.0256995983275164,0.6014030575752258,0.0129450379438308
gin,parkinsons,variance,0.8,OmicsReadOut,0.7129087448120117,0.0235913823516961,0.7721950014432272,0.0173784745759726,0.800000011920929,0.012499988079071,0.7136969566345215,0.0243537021520068,0.5321886340777079,0.0231690525368794,0.573011060555776,0.0207917130806864,0.6131687164306641,0.0188583249527896,0.6260629296302795,0.0178381208931943
gin,parkinsons,variance,1.0,NoReadOut,0.6917659242947897,0.0142022123517061,0.7481300234794617,0.0127358571228491,0.7750000158945719,0.021650648859714,0.6918788154919943,0.0110375871484662,0.5045361518859863,0.0259427299426696,0.5506418148676554,0.0149212785880235,0.604938268661499,0.0213833305578536,0.6318026979764303,0.0240690717889287
gin,parkinsons,variance,1.0,OmicsReadOut,0.7409710685412089,0.008648161048355,0.7817200819651285,0.0138386726955704,0.7916666666666666,0.0144337773773952,0.787636379400889,0.0050909008299194,0.5566771030426025,0.0711994854803974,0.5803021589914957,0.0577362654856507,0.588477353254954,0.0433566050792573,0.6224489808082581,0.0727236622854958
mlp,parkinsons,correlation,0.3,NoReadOut,0.797488808631897,0.0216246840709376,0.827520747979482,0.0188187208794858,0.8291666706403097,0.0190940797031324,0.785151481628418,0.0052202071832752,0.7929261525472006,0.0406939533968376,0.8021929065386454,0.0379136455025203,0.8024691343307495,0.0370370149612426,0.8739370902379354,0.0193521857235674
mlp,parkinsons,correlation,0.5,NoReadOut,0.7780967354774475,0.0301100890323304,0.8107216556866964,0.029346824298245,0.8208333253860474,0.0190940471861295,0.7664242386817932,0.0086556187172898,0.7850252191225687,0.0136546672737037,0.7961477438608805,0.0134388598518748,0.798353910446167,0.0142555537052357,0.8393388390541077,0.0099675996100111
mlp,parkinsons,correlation,0.8,NoReadOut,0.7841529647509257,0.0131585987564129,0.8174803455670675,0.0126369073260712,0.8208333253860474,0.0144337429646375,0.7799999912579855,0.0038094730713686,0.7635855674743652,0.0137732371922964,0.7756555477778116,0.0126442135781345,0.7777777910232544,0.0123456716537475,0.8388605117797852,0.0309448278455348
mlp,parkinsons,correlation,1.0,NoReadOut,0.8031367262204488,0.01970885943599,0.8357853094736735,0.015801897656228,0.8416666785875956,0.0144337773773952,0.7949090997378031,0.0111087740030238,0.7782219250996908,0.0029871306071559,0.7906575997670492,0.0044653994399336,0.7942386865615845,0.0071277768526178,0.8455569744110107,0.0088274204183211
mlp,parkinsons,distance_correlation,0.3,NoReadOut,0.7975561817487081,0.0188095590455498,0.8275137344996134,0.0174753497422502,0.8291666706403097,0.0190940797031324,0.8224242528279623,0.0105365442599281,0.7394406199455261,0.0308850594851173,0.756627639134725,0.027712640287714,0.7654320995012919,0.0246913731098234,0.8019238909085592,0.0578396685238012
mlp,parkinsons,distance_correlation,0.5,NoReadOut,0.7833092411359152,0.0035972720633719,0.8151236375172933,0.0047346075085164,0.8166666626930237,0.0072168714823187,0.7666666507720947,0.0202531986383679,0.7628165086110433,0.0117339431635385,0.7752959728240967,0.0116288714423221,0.7777777910232544,0.0123456716537475,0.8507121602694193,0.0042672905704024
mlp,parkinsons,distance_correlation,0.8,NoReadOut,0.7829578320185343,0.0077740469190148,0.8148814837137858,0.0057340312150208,0.8166666626930237,0.0072168714823187,0.8303030331929525,0.0131982700250308,0.7465850710868835,0.015166211114503,0.7590867877006531,0.0140761612338488,0.7613168954849243,0.0142555537052357,0.816964308420817,0.0202481096417614
mlp,parkinsons,distance_correlation,1.0,NoReadOut,0.7879875302314758,0.018311374372789,0.8211822907129923,0.0142352053875098,0.824999988079071,0.012499988079071,0.8085454702377319,0.0068634793047159,0.7116174697875977,0.0198461690462014,0.7293166716893514,0.0184727002126702,0.7366255124409994,0.0188583509664027,0.8060161272684733,0.0127952139192229
mlp,parkinsons,random,0.3,NoReadOut,0.7882188161214193,0.0151432149646963,0.821312407652537,0.012754291079026,0.824999988079071,0.012499988079071,0.7564242283503214,0.0033541913083993,0.6567445993423462,0.0714608859656754,0.6766370534896851,0.0652995038117826,0.6831275820732117,0.0608998064986263,0.740061620871226,0.028933753343355
mlp,parkinsons,random,0.5,NoReadOut,0.7827960252761841,0.0280669786049807,0.8186864256858826,0.0244377428292978,0.825000007947286,0.0250000059604704,0.7558788061141968,0.0261245542268741,0.6826633016268412,0.0187298538581861,0.7013524572054545,0.0163665788842449,0.7078189253807068,0.0142555537052357,0.7517006794611613,0.0082004350163682
mlp,parkinsons,random,0.8,NoReadOut,0.7724363803863525,0.0190560124112347,0.8100356260935465,0.0174858509098535,0.8166666626930237,0.0190940471861295,0.7578181823094686,0.0113603813309423,0.5883916219075521,0.0114460961661159,0.6207194526990255,0.0117977257243561,0.646090547243754,0.0142555881179934,0.7161989609400431,0.0116029274885739
mlp,parkinsons,random,1.0,NoReadOut,0.7572847803433737,0.0192125196707373,0.8004405498504639,0.009987691865798,0.8125,0.0,0.7513939142227173,0.0209283143100872,0.6334920525550842,0.0609259563924275,0.6574824651082357,0.0454530411155808,0.6748971343040466,0.0188583249527896,0.7329932053883871,0.0399314713082422
mlp,parkinsons,variance,0.3,NoReadOut,0.8385229110717773,0.0187904357371835,0.8637933135032654,0.0153394473150984,0.8666666746139526,0.0144337429646375,0.8656969666481018,0.0090350423405531,0.7029661933581034,0.035727327239608,0.7158509691556295,0.0334474482933299,0.7160493930180868,0.0326636107565334,0.7816751996676127,0.0381019924357749
mlp,parkinsons,variance,0.5,NoReadOut,0.7943657239278158,0.0343161340976996,0.8278714219729105,0.0278341763362815,0.8333333333333334,0.0260208335832715,0.8484848737716675,0.01787865452811,0.6627530058224996,0.025008993225081,0.6817663908004761,0.0219185759668797,0.6872428059577942,0.0188583249527896,0.7528698643048605,0.015256237383889
mlp,parkinsons,variance,0.8,NoReadOut,0.7997392217318217,0.0135720107722428,0.8302836418151855,0.0147065396962013,0.8333333333333334,0.0190940731997425,0.8545454343159994,0.001454561948878,0.6725122133890787,0.0402848775729697,0.6882434288660685,0.0325622330898793,0.6913580298423767,0.0246913433074951,0.7667942444483439,0.0231912749269813
mlp,parkinsons,variance,1.0,NoReadOut,0.8034592469533285,0.009837007893054,0.8339843352635702,0.0046259528416796,0.8374999761581421,0.0,0.8695757389068604,0.004443721135342,0.6732085347175598,0.0603771709657197,0.6919601360956827,0.0509214534934613,0.6995884776115417,0.0396857819462106,0.7485118707021078,0.0306675324189304
sage,parkinsons,correlation,0.3,NoReadOut,0.6925012071927389,0.0131866285955588,0.7369173765182495,0.016540430693835,0.7458333373069763,0.0190940471861295,0.7018181681632996,0.0147620446673572,0.6268413265546163,0.0215578481078614,0.6499264041582743,0.0073510153826757,0.6666666865348816,0.0123456716537475,0.7117347121238708,0.0099006370538405
sage,parkinsons,correlation,0.3,OmicsReadOut,0.7901391386985779,0.0140484508415222,0.8238349755605062,0.0142832190225319,0.8291666706403097,0.0190940797031324,0.8425454696019491,0.0223658773782617,0.7230959335962931,0.0356341187715259,0.7371196746826172,0.0324619218231307,0.7407407561937968,0.0326636107565334,0.8158482313156128,0.0463188222681618
sage,parkinsons,correlation,0.5,NoReadOut,0.6933403213818868,0.0256650445515285,0.745764434337616,0.027288455782139,0.7708333333333334,0.031457641111853,0.6698181629180908,0.021315410536668,0.5896386702855428,0.0469346775992823,0.622112770875295,0.0355907405388531,0.6502057512601217,0.0142555881179934,0.6987670063972473,0.0071113181296709
sage,parkinsons,correlation,0.5,OmicsReadOut,0.7810575366020203,0.011046718003309,0.8096556266148885,0.0143853528585152,0.8083333373069763,0.0190940471861295,0.8192727367083231,0.0092780871370371,0.70648592710495,0.0500820062323792,0.7192984422047933,0.045069922955416,0.7201646169026693,0.0433566050792573,0.7716836531956991,0.0416694059181451
sage,parkinsons,correlation,0.8,NoReadOut,0.6737116376558939,0.0127773715666958,0.7359695037206014,0.0084396755409906,0.762499988079071,0.012499988079071,0.675151507059733,0.0188577516416446,0.5885992646217346,0.0206599416851767,0.6241598924001058,0.0180468025836611,0.6584362188975016,0.0142555881179934,0.7079081535339355,0.0185826517166784
sage,parkinsons,correlation,0.8,OmicsReadOut,0.7848034302393595,0.0073423748096726,0.821440855662028,0.0066627572577363,0.8291666507720947,0.0072168714823187,0.8257575829823812,0.0194946566848954,0.7074499924977621,0.0133819447974324,0.7238748669624329,0.0125878750539531,0.7283950448036194,0.0123456716537475,0.8196216026941935,0.0200540489477518
sage,parkinsons,correlation,1.0,NoReadOut,0.6777642766634623,0.0116905334634148,0.7412230173746744,0.0086932795041197,0.7708333134651184,0.0072168714823187,0.7027879158655802,0.0200539036851892,0.6485279202461243,0.0484528445454106,0.6742096940676371,0.0431243662909953,0.6913580298423767,0.0370370149612426,0.7172619104385376,0.0057161199510982
sage,parkinsons,correlation,1.0,OmicsReadOut,0.7668887774149576,0.0205938142147445,0.8102688988049825,0.0156150933792172,0.824999988079071,0.012499988079071,0.7755151788393656,0.0062703231130814,0.6941410700480143,0.0110789497674987,0.7141956090927124,0.0114393350488449,0.7242798209190369,0.0142555537052357,0.7828444043795267,0.0427260425486513
sage,parkinsons,distance_correlation,0.3,NoReadOut,0.6939415534337362,0.0063645305092896,0.7583560148874918,0.0063077208364833,0.7916666865348816,0.0072168714823187,0.7178182005882263,0.0083872880279033,0.5413334767023722,0.0379810888440716,0.5908177495002747,0.0345166228410644,0.6625514427820841,0.031069290571985,0.7104591727256775,0.0025510191917419
sage,parkinsons,distance_correlation,0.3,OmicsReadOut,0.8022189339001974,0.0137983910327256,0.8386558492978414,0.0119200687003181,0.850000003973643,0.0125000178814052,0.8416969776153564,0.0063541416549583,0.6960313518842062,0.0218857887614332,0.7154759565989176,0.0201374731411918,0.7242798209190369,0.0188583249527896,0.7988945841789246,0.0086587370982164
sage,parkinsons,distance_correlation,0.5,NoReadOut,0.7133966088294983,0.0122508020466163,0.7738708058993021,0.0090558259445286,0.8041666746139526,0.0072168714823187,0.7086060841878256,0.0023378271595144,0.542880634466807,0.0281992590001395,0.5911035935084025,0.0238115291543483,0.6584362188975016,0.0142555881179934,0.692920962969462,0.0158061448598093
sage,parkinsons,distance_correlation,0.5,OmicsReadOut,0.7912102937698364,0.0162202922211173,0.8263127406438192,0.0160837442598542,0.8333333333333334,0.0190940731997425,0.8058181802431742,0.0044237966187477,0.6344251036643982,0.0272747557256239,0.6570392449696859,0.0281862495713253,0.6666666666666666,0.0326636107565334,0.7518069545427958,0.0134311336031744
sage,parkinsons,distance_correlation,0.8,NoReadOut,0.7053035895029703,0.0137837892098438,0.7665056784947714,0.0102116761344431,0.7958333492279053,0.0072168714823187,0.667878786722819,0.0030279073807389,0.6074483394622803,0.0107805534320814,0.6383119622866312,0.0093366973570098,0.6625514626502991,0.0071277768526178,0.7285289367039999,0.0116263028855395
sage,parkinsons,distance_correlation,0.8,OmicsReadOut,0.8142922123273214,0.0156338217847015,0.8428785602251688,0.0158970583710004,0.8458333412806193,0.0190940797031324,0.8044848243395487,0.0082147725488279,0.6581270496050516,0.0374613938108693,0.6771946748097738,0.0334769196747765,0.6831275820732117,0.0310692589926697,0.7391050259272257,0.0182989100294137
sage,parkinsons,distance_correlation,1.0,NoReadOut,0.7012138366699219,0.0,0.7656395435333252,0.0,0.800000011920929,0.0,0.6630303064982096,0.0289481963299094,0.5978361765543619,0.0204335751120171,0.6366653045018514,0.0206732419822673,0.6831275820732117,0.0256995649221791,0.7361819744110107,0.0076884051110078
sage,parkinsons,distance_correlation,1.0,OmicsReadOut,0.8016546368598938,0.0134387974741969,0.8313421607017517,0.0128315121589274,0.8333333333333334,0.0144337773773952,0.838121215502421,0.0115226605606032,0.6839098532994589,0.0044024585060893,0.6986388564109802,0.0056271053145735,0.6995884776115417,0.0071277768526178,0.7899128198623657,0.009967540021253
sage,parkinsons,random,0.3,NoReadOut,0.5718373854955038,0.0329679755489447,0.6637405951817831,0.0212141858338968,0.7208333412806193,0.0072169058950764,0.6351515253384908,0.0055068380531478,0.457975963751475,0.0301756489690904,0.5119292438030243,0.0241443700969445,0.5802469253540039,0.0123456716537475,0.5486819744110107,0.0163883738443124
sage,parkinsons,random,0.3,OmicsReadOut,0.7868582208951315,0.0111257478046306,0.8241780598958334,0.0085845377118292,0.8333333134651184,0.0072168714823187,0.7945454518000284,0.0112021225826815,0.6319221258163452,0.044065373870659,0.6523353457450867,0.0409752789488851,0.6584361990292867,0.0396858159401365,0.7147108515103658,0.0402611339590673
sage,parkinsons,random,0.5,NoReadOut,0.5855928858121237,0.0227201588866088,0.6762355963389078,0.0120511343429021,0.7333333492279053,0.0072168714823187,0.6889696915944418,0.0149106307888702,0.4358212451140086,0.0175685559214889,0.4938945869604746,0.0114670707419378,0.5720164775848389,0.0071277768526178,0.5786564747492472,0.0176547776780813
sage,parkinsons,random,0.5,OmicsReadOut,0.7530821561813354,0.0452951916739449,0.7964727878570557,0.035025495317834,0.8125,0.024999976158142,0.8261818289756775,0.0425500692975198,0.6215550502141317,0.1008642041800742,0.648679256439209,0.0820379752048112,0.6707818905512491,0.0498944699230304,0.7170493205388387,0.0487802476039982
sage,parkinsons,random,0.8,NoReadOut,0.6698177655537924,0.0129415378500878,0.7338127096494039,0.0105908261281426,0.762499988079071,0.012499988079071,0.6775758067766825,0.0226780418442133,0.4951850473880768,0.0621709445487903,0.544183353583018,0.049356150999239,0.604938268661499,0.0246913433074951,0.5941751599311829,0.0221782344493722
sage,parkinsons,random,0.8,OmicsReadOut,0.7563355962435404,0.0115108503126485,0.7999768257141113,0.0144078701307214,0.8125,0.0216506144469563,0.8116363684336344,0.0157500793964143,0.6320854822794596,0.0485197346671336,0.6580051779747009,0.0395360502514596,0.6748971343040466,0.0256995649221791,0.7476615905761719,0.0105246021580869
sage,parkinsons,random,1.0,NoReadOut,0.6585845947265625,0.052053268807437,0.7249231735865275,0.0352149716342955,0.762499988079071,0.012499988079071,0.6809696753819784,0.0123064251350872,0.5028400421142578,0.0278211582166653,0.5484445889790853,0.0246036692220038,0.6008230447769165,0.0396857819462106,0.557610551516215,0.0482099546333512
sage,parkinsons,random,1.0,OmicsReadOut,0.7210804422696432,0.0303815501487726,0.771695097287496,0.0187564091617224,0.787500003973643,0.0125000178814052,0.7713939348856608,0.0275437216943937,0.5613807638486227,0.0497931307012175,0.5949024359385172,0.0387538575674856,0.6213991641998291,0.0188583249527896,0.6873936653137207,0.0440031912600073
sage,parkinsons,variance,0.3,NoReadOut,0.7077562610308329,0.0243308534376052,0.7532142996788025,0.0245037096851005,0.7666666507720947,0.0144337429646375,0.7233939369519552,0.0085228925027079,0.5031806826591492,0.027172237509582,0.5450011293093363,0.0313963209663532,0.5843621293703715,0.046739992637311,0.475765307744344,0.0362175432450567
sage,parkinsons,variance,0.3,OmicsReadOut,0.7516650756200155,0.0229866432145804,0.7927238345146179,0.0204698677640137,0.799999992052714,0.021650648859714,0.8088484605153402,0.0159931206519622,0.6616516908009847,0.0486573850157868,0.6837265094121298,0.0437491113291864,0.6954732537269592,0.0396857819462106,0.720344344774882,0.0420736780705704
sage,parkinsons,variance,0.5,NoReadOut,0.7081390023231506,0.0206703965503587,0.758814295132955,0.0160214503627842,0.7708333333333334,0.0144337773773952,0.7081212401390076,0.0065589104073708,0.4740222295125325,0.0349467811194462,0.5205399096012115,0.027770865883275,0.5679012537002563,0.0123456716537475,0.4908588528633117,0.0261427698060234
sage,parkinsons,variance,0.5,OmicsReadOut,0.7375691334406534,0.0244773753418413,0.7839152415593466,0.0200250335740918,0.7958333293596903,0.0190940797031324,0.7699393828709921,0.0148572855689729,0.5956045587857565,0.0342576278447938,0.6185756325721741,0.0337076562151582,0.6255144079526266,0.0356389186758471,0.6589604218800863,0.0316208062366081
sage,parkinsons,variance,0.8,NoReadOut,0.6996563275655111,0.0210392029807934,0.7543351451555887,0.0222671878267751,0.7833333412806193,0.0072169058950764,0.7260606288909912,0.0136899805871305,0.5431094566980997,0.0382489017225028,0.5857726534207662,0.0338773530440143,0.6337448557217916,0.0285111418232292,0.574404756228129,0.0038967461818141
sage,parkinsons,variance,0.8,OmicsReadOut,0.7289697527885437,0.0047562153370061,0.7793835997581482,0.0035242396450829,0.800000011920929,0.0,0.7760000030199686,0.0227207588460508,0.6547739505767822,0.0440641322691212,0.6748790144920349,0.0366356022896147,0.6831275820732117,0.0285111074104715,0.7412840127944946,0.0226410521076618
sage,parkinsons,variance,1.0,NoReadOut,0.6900925040245056,0.0170719011466162,0.7471649448076884,0.0127348036035151,0.7749999761581421,0.0,0.6892121235529581,0.0080110069511994,0.4989052315553029,0.0252658608587105,0.5488804380098978,0.0168009380335498,0.6131687164306641,0.0071277768526178,0.5975765188535055,0.0288967095096717
sage,parkinsons,variance,1.0,OmicsReadOut,0.7671615282694498,0.0600954214654915,0.7991946538289388,0.0491011515669251,0.8041666746139526,0.0401818954768081,0.8287878632545471,0.0236589789647163,0.6236865321795145,0.0374700572923753,0.6403526862462362,0.0393382294295662,0.6419753034909567,0.0445129852403383,0.6729910969734192,0.021414142235113
sagn,parkinsons,correlation,0.3,NoReadOut,0.6557362278302511,0.0108960421329165,0.7200649380683899,0.0084705061556183,0.7416666746139526,0.0072168714823187,0.7263030211130778,0.0175201170511836,0.5494556228319804,0.0084055225462425,0.5922180612881979,0.0109406071681721,0.6419753034909567,0.0213833649706113,0.6868622501691183,0.001913279295045
sagn,parkinsons,correlation,0.3,OmicsReadOut,0.8159146308898926,0.0174597159013371,0.8436881899833679,0.0168863272559723,0.8458333412806193,0.0190940797031324,0.8238787849744161,0.0081399703901018,0.7014250755310059,0.057844002428038,0.7153059641520182,0.0541260573334816,0.7201646169026693,0.0513991632496949,0.7991071144739786,0.0298402200971085
sagn,parkinsons,correlation,0.5,NoReadOut,0.6847225626309713,0.0126596179555899,0.7376322348912557,0.0138539475372688,0.7583333253860474,0.0072168714823187,0.6644848386446635,0.0188296949798447,0.5958241820335388,0.0523366397099654,0.6331919431686401,0.0434753588516002,0.6748971343040466,0.0256995649221791,0.7155612707138062,0.0173605030118135
sagn,parkinsons,correlation,0.5,OmicsReadOut,0.7965428829193115,0.0084459231237894,0.8288774092992147,0.0103243779159304,0.8333333333333334,0.0144337773773952,0.7701818744341532,0.0208521417284878,0.6956516702969869,0.0572633005419567,0.7162853082021078,0.0508008772197717,0.7283950646718343,0.0445129852403382,0.8037840127944946,0.0469003142970903
sagn,parkinsons,correlation,0.8,NoReadOut,0.6899865468343099,0.0148668089299076,0.7428512374560038,0.0103380044969868,0.7541666626930237,0.0072168714823187,0.6826666990915934,0.0240036927824962,0.6601929465929667,0.051652383711573,0.6830640435218811,0.0453936266432048,0.6954732537269592,0.0377166499055792,0.7553146282831827,0.005716150985434
sagn,parkinsons,correlation,0.8,OmicsReadOut,0.7677295605341593,0.0126125297789053,0.8020675381024679,0.0146029741662838,0.8041666746139526,0.0190940471861295,0.78672722975413,0.0067713386050218,0.705846925576528,0.0562854266754177,0.7208670973777771,0.0518217569655588,0.7242798407872518,0.0498944699230304,0.7952805956204733,0.0243769560635643
sagn,parkinsons,correlation,1.0,NoReadOut,0.6660702029863993,0.0193907974739171,0.731924851735433,0.0119177232636165,0.7708333134651184,0.0072168714823187,0.7345454692840576,0.0159502975610918,0.517134428024292,0.0653917643250739,0.5663294990857443,0.0491062645043823,0.6337448358535767,0.0071277768526178,0.68558669090271,0.0287273485184568
sagn,parkinsons,correlation,1.0,OmicsReadOut,0.7930523554484049,0.0060993586644633,0.8289829095204672,0.0031003688157199,0.8374999761581421,0.0,0.7786666750907898,0.0249225611230303,0.6656854550043741,0.0264878662567222,0.6876535813013712,0.0246397930925602,0.6995884776115417,0.0256995649221791,0.7987882892290751,0.0185689774955957
sagn,parkinsons,distance_correlation,0.3,NoReadOut,0.6845109264055887,0.0134298572501758,0.7330294251441956,0.0302011653437045,0.7541666428248087,0.0360843918243516,0.7564848264058431,0.0180590132852589,0.5595520933469137,0.0436239490210697,0.5881083011627197,0.0192992325397777,0.6213991641998291,0.0142555537052357,0.6652848521868387,0.0076552788194081
sagn,parkinsons,distance_correlation,0.3,OmicsReadOut,0.8189818859100342,0.0232573644640365,0.8506294091542562,0.0195447494652019,0.8583333293596903,0.0190940797031324,0.8075151443481445,0.0267676315157701,0.7275106310844421,0.0582457376738177,0.7463762561480204,0.0540407027660694,0.757201631863912,0.0513991632496949,0.8066007296244303,0.0123098557957783
sagn,parkinsons,distance_correlation,0.5,NoReadOut,0.6933131615320841,0.0067995479696178,0.7541590730349222,0.0062696259137027,0.7833333412806193,0.0072169058950764,0.7524848381678263,0.0329955655809719,0.5343378186225891,0.0135638572753446,0.5822116931279501,0.0114848793440506,0.6460905273755392,0.0071278112653755,0.6692176858584086,0.0090716747197096
sagn,parkinsons,distance_correlation,0.5,OmicsReadOut,0.7452020049095154,0.0187339889156962,0.7834862271944681,0.0234435805828238,0.7958333293596903,0.0314576450592633,0.7810909152030945,0.02377861795727,0.7239988048871359,0.0565089511431386,0.7392368714014689,0.0478518100595607,0.7448559800783793,0.0377166824225804,0.8127125898996989,0.0292000767737837
sagn,parkinsons,distance_correlation,0.8,NoReadOut,0.7100600600242615,0.012390160369819,0.7629919052124023,0.0132500473629828,0.7791666587193807,0.0190940797031324,0.6543030341466268,0.0036605159803947,0.6858695944150289,0.0462332853008934,0.709547201792399,0.0372205662094225,0.7283950646718343,0.0246913731098235,0.728103756904602,0.0250462711803582
sagn,parkinsons,distance_correlation,0.8,OmicsReadOut,0.7909599343935648,0.0094511152830129,0.8262444138526917,0.0076276249363018,0.8333333134651184,0.0072168714823187,0.8187272548675537,0.0127025643933978,0.6670478185017904,0.0395365219066569,0.6913732886314392,0.0345923968214623,0.7078189253807068,0.0285111074104715,0.7885841925938925,0.0402050925542629
sagn,parkinsons,distance_correlation,1.0,NoReadOut,0.6909514665603638,0.0060724307071587,0.7450358271598816,0.0054364903313235,0.7666666507720947,0.0072168714823187,0.6547878583272299,0.0236820141578914,0.6665237347284952,0.0169806523024349,0.6898826758066813,0.0149283423717017,0.7037037014961243,0.0123456716537475,0.7419217626253763,0.002050096393
sagn,parkinsons,distance_correlation,1.0,OmicsReadOut,0.788255512714386,0.0152435218163689,0.8209688464800516,0.0069709173818699,0.824999988079071,0.0,0.8101211984952291,0.0027292930202063,0.6507022778193156,0.0463088834935839,0.6753190159797668,0.0377586702189698,0.6913580298423767,0.0246913433074951,0.7940582434336344,0.0433175981097933
sagn,parkinsons,random,0.3,NoReadOut,0.646030843257904,0.0579531998664868,0.7098317543665568,0.0500541688703171,0.7333333293596903,0.047324259305747,0.7170908649762472,0.0180943323463026,0.5251691937446594,0.0098836539416245,0.55972953637441,0.0012955211379276,0.5843621492385864,0.0188583249527896,0.5178571343421936,0.0774524400479016
sagn,parkinsons,random,0.3,OmicsReadOut,0.8206937114397684,0.0076049785637273,0.8514982461929321,0.0067950398983583,0.8583333492279053,0.0072168714823187,0.8486666282018026,0.0090001563416833,0.6657961209615072,0.0607453200773437,0.6829371452331543,0.0518443599748565,0.6872427860895792,0.0433566050792573,0.7696109215418497,0.0332700410122282
sagn,parkinsons,random,0.5,NoReadOut,0.6238728761672974,0.0103705776388766,0.6900088787078857,0.0067569934053798,0.7124999761581421,0.0,0.6943029959996542,0.0025541169420766,0.495509405930837,0.0163284960885188,0.5434969464937845,0.014007676651118,0.6008230447769165,0.0310692589926697,0.6080994804700216,0.0225322413208463
sagn,parkinsons,random,0.5,OmicsReadOut,0.7760339180628458,0.0230398856045163,0.8151719768842062,0.0199718283854751,0.825000007947286,0.021650648859714,0.8356363375981649,0.0214267866597479,0.6487321654955546,0.0724627304909852,0.6694323420524597,0.0604410324696395,0.6790123383204142,0.0445129852403383,0.7360756794611613,0.0766993491758511
sagn,parkinsons,random,0.8,NoReadOut,0.6712825695673624,0.0404552047903052,0.7253161668777466,0.021566938176271,0.737500011920929,0.012499988079071,0.7403636574745178,0.0327515162405232,0.5284251173337301,0.0062244429731895,0.5642102162043253,0.0136391712201358,0.5925925970077515,0.0326635769638755,0.5971513390541077,0.0290954575652875
sagn,parkinsons,random,0.8,OmicsReadOut,0.7457966208457947,0.0455867867336943,0.7879633903503418,0.041055751113844,0.7958333293596903,0.0438985465544527,0.7983030080795288,0.0198551447566989,0.6871770620346069,0.0318847287161092,0.7091338038444519,0.025105314305677,0.7242798209190369,0.0188583249527896,0.8195153077443441,0.0321481722584845
sagn,parkinsons,random,1.0,NoReadOut,0.6354608535766602,0.003571837773339,0.6744014819463094,0.0010366843258939,0.699999988079071,0.0,0.6804848512013754,0.0008397745263,0.5411244531472524,0.0473639174778354,0.5765197475751241,0.0267303175588083,0.6172839403152466,0.0246913433074951,0.6607142885526022,0.0089966396105604
sagn,parkinsons,random,1.0,OmicsReadOut,0.7500016291936239,0.0102362468434453,0.7882087628046671,0.0114391447890593,0.7916666666666666,0.0144337773773952,0.7660606304804484,0.0060992929815059,0.6834895213445028,0.0053618811202664,0.6953157782554626,0.0014190553769622,0.6954732537269592,0.0071277768526178,0.7782206535339355,0.0165101782769117
sagn,parkinsons,variance,0.3,NoReadOut,0.6509732802708944,0.0130867544834933,0.7109424869219462,0.0138375639618532,0.7458333373069763,0.0072168714823187,0.6758788029352824,0.005159690476864,0.5098970333735148,0.0227951302638905,0.5460795561472574,0.014886105831278,0.5720164775848389,0.0071277768526178,0.4968112111091614,0.0429005520294779
sagn,parkinsons,variance,0.3,OmicsReadOut,0.7837069233258566,0.0029523933832034,0.8171778917312622,0.0035102261297367,0.8208333253860474,0.0072168714823187,0.8259999752044678,0.0075667641749805,0.6354496677716573,0.0408656655467575,0.6543152530988058,0.0392506652182993,0.6584361990292867,0.0396858159401365,0.7048257191975912,0.0098817662173371
sagn,parkinsons,variance,0.5,NoReadOut,0.6290423274040222,0.0246671959171428,0.705640991528829,0.0179262799348523,0.7458333373069763,0.0072168714823187,0.6950303316116333,0.0122634157514223,0.4786487917105357,0.047089024394327,0.5324328740437826,0.0390578906001772,0.604938268661499,0.0213833305578536,0.511904776096344,0.027067653737232
sagn,parkinsons,variance,0.5,OmicsReadOut,0.782171388467153,0.0244134515302185,0.8179811239242554,0.017859553922764,0.824999988079071,0.012499988079071,0.856181820233663,0.0270267926951322,0.6547170678774515,0.0351678020206604,0.6792210340499878,0.0274314080353992,0.6954732537269592,0.0142555537052357,0.7504783471425375,0.0082493011699157
sagn,parkinsons,variance,0.8,NoReadOut,0.5952128569285074,0.0186635441827782,0.686428447564443,0.0103163436716572,0.7458333373069763,0.0072168714823187,0.6659394105275472,0.033662073449193,0.4718464016914367,0.0253375046673947,0.5248201886812845,0.0210297031117283,0.5925925970077515,0.0123456716537475,0.4477040767669678,0.0179932771084821
sagn,parkinsons,variance,0.8,OmicsReadOut,0.7385324438412985,0.0055335370263709,0.7831742763519287,0.0094388704764603,0.7958333293596903,0.0190940797031324,0.774848481019338,0.0147713127878832,0.6495446761449178,0.0212651573928119,0.6718682249387106,0.0221889636392455,0.6831275820732117,0.0285111074104715,0.698235551516215,0.038371871333646
sagn,parkinsons,variance,1.0,NoReadOut,0.6102834741274515,0.0178114583717569,0.6891807913780212,0.0147120018175797,0.7416666746139526,0.0072168714823187,0.6453332901000977,0.0161371850919014,0.4620049993197123,0.0468792198681655,0.5184309780597687,0.0384916026543612,0.596707820892334,0.0188583249527896,0.4472789168357849,0.0068193011728929
sagn,parkinsons,variance,1.0,OmicsReadOut,0.7553165555000305,0.0159562107652758,0.7943871021270752,0.0122705657172017,0.800000011920929,0.012499988079071,0.8027272621790568,0.0146913040985142,0.6670292218526205,0.0405634689094405,0.687438170115153,0.0382730798345075,0.6954732537269592,0.0377166499055792,0.7278380195299784,0.0236115363463283
